<?xml version="1.0" encoding="utf-8"?>
<findologic version="2.0"><items start="0" count="26" total="40"><item id="11"><names><name><![CDATA[TEST]]></name></names><summaries/><descriptions/><prices><price><![CDATA[200]]></price></prices><overriddenPrices><overriddenPrice><![CDATA[0]]></overriddenPrice></overriddenPrices><urls><url><![CDATA[https://plenty.findologic.io/wohnzimmer/test/a-11]]></url></urls><bonuses/><salesFrequencies><salesFrequency><![CDATA[0]]></salesFrequency></salesFrequencies><dateAddeds><dateAdded><![CDATA[2017-10-25T00:00:00+02:00]]></dateAdded></dateAddeds><sorts/><allKeywords/><allOrdernumbers><ordernumbers><ordernumber><![CDATA[NEW-75]]></ordernumber><ordernumber><![CDATA[1103]]></ordernumber><ordernumber><![CDATA[11]]></ordernumber><ordernumber><![CDATA[NEW-47]]></ordernumber><ordernumber><![CDATA[1078]]></ordernumber></ordernumbers></allOrdernumbers><visibilities/><allProperties><properties><property><key><![CDATA[base_unit]]></key><value><![CDATA[Stück]]></value></property><property><key><![CDATA[package_size]]></key><value><![CDATA[1]]></value></property><property><key><![CDATA[variation_id]]></key><value><![CDATA[1103]]></value></property><property><key><![CDATA[price_id]]></key><value><![CDATA[1]]></value></property></properties></allProperties><allAttributes><attributes><attribute><key><![CDATA[cat]]></key><values><value><![CDATA[Raum]]></value></values></attribute><attribute><key><![CDATA[cat_url]]></key><values><value><![CDATA[/raum/]]></value></values></attribute><attribute><key><![CDATA[Farbe]]></key><values><value><![CDATA[blue+]]></value><value><![CDATA[schwarz]]></value></values></attribute><attribute><key><![CDATA[Merkmalsgruppe (Name)]]></key><values><value><![CDATA[Merkmal mit Gruppe (Webshop)]]></value></values></attribute><attribute><key><![CDATA[taste]]></key><values><value><![CDATA[smoky]]></value></values></attribute><attribute><key><![CDATA[vendor]]></key><values><value><![CDATA[Marc O'Polo]]></value></values></attribute><attribute><key><![CDATA[free7]]></key><values><value><![CDATA[0]]></value></values></attribute><attribute><key><![CDATA[free8]]></key><values><value><![CDATA[0]]></value></values></attribute><attribute><key><![CDATA[free9]]></key><values><value><![CDATA[0]]></value></values></attribute><attribute><key><![CDATA[free10]]></key><values><value><![CDATA[0]]></value></values></attribute><attribute><key><![CDATA[free11]]></key><values><value><![CDATA[0]]></value></values></attribute><attribute><key><![CDATA[free12]]></key><values><value><![CDATA[0]]></value></values></attribute><attribute><key><![CDATA[free13]]></key><values><value><![CDATA[0]]></value></values></attribute><attribute><key><![CDATA[free14]]></key><values><value><![CDATA[0]]></value></values></attribute><attribute><key><![CDATA[free15]]></key><values><value><![CDATA[0]]></value></values></attribute><attribute><key><![CDATA[free16]]></key><values><value><![CDATA[0]]></value></values></attribute><attribute><key><![CDATA[free17]]></key><values><value><![CDATA[0]]></value></values></attribute><attribute><key><![CDATA[free18]]></key><values><value><![CDATA[0]]></value></values></attribute><attribute><key><![CDATA[free19]]></key><values><value><![CDATA[0]]></value></values></attribute><attribute><key><![CDATA[free20]]></key><values><value><![CDATA[0]]></value></values></attribute></attributes></allAttributes><allImages/><groups><group><![CDATA[0_]]></group><group><![CDATA[0_]]></group></groups><variants/></item><item id="107"><names><name><![CDATA[Barhockerl Fury gepolstert]]></name></names><summaries/><descriptions><description><![CDATA[<p>Fury, der Barsessel für jede Gelegenheit.</p>
<p>Dieses Möbel ist durch seine gut gepolsterte&nbsp;Sitzfläche sehr bequem und passt sich durch sein frisches und modernes Design in jede Lounge perfekt ein. Durch eine dezente Rückenlehne ist eine entspannte Sitzhaltung vorprogrammiert.</p>
<p>Gestell: Edelstahl</p>]]></description></descriptions><prices><price><![CDATA[79]]></price></prices><overriddenPrices><overriddenPrice><![CDATA[0]]></overriddenPrice></overriddenPrices><urls><url><![CDATA[https://plenty.findologic.io/wohnzimmer/sessel-hocker/barhockerl-fury-gepolstert/a-107]]></url></urls><bonuses/><salesFrequencies><salesFrequency><![CDATA[0]]></salesFrequency></salesFrequencies><dateAddeds><dateAdded><![CDATA[2014-01-13T00:00:00+01:00]]></dateAdded></dateAddeds><sorts/><allKeywords/><allOrdernumbers><ordernumbers><ordernumber><![CDATA[NEW-49]]></ordernumber><ordernumber><![CDATA[1080]]></ordernumber><ordernumber><![CDATA[107]]></ordernumber><ordernumber><![CDATA[NEW-1]]></ordernumber><ordernumber><![CDATA[1005]]></ordernumber></ordernumbers></allOrdernumbers><visibilities/><allProperties><properties><property><key><![CDATA[base_unit]]></key><value><![CDATA[Stück]]></value></property><property><key><![CDATA[package_size]]></key><value><![CDATA[1]]></value></property><property><key><![CDATA[variation_id]]></key><value><![CDATA[1080]]></value></property><property><key><![CDATA[price_id]]></key><value><![CDATA[1]]></value></property></properties></allProperties><allAttributes><attributes><attribute><key><![CDATA[cat]]></key><values><value><![CDATA[Raum_Sessel & Hocker]]></value></values></attribute><attribute><key><![CDATA[cat_url]]></key><values><value><![CDATA[/raum/sessel-hocker/]]></value></values></attribute><attribute><key><![CDATA[Farbe]]></key><values><value><![CDATA[weiß]]></value></values></attribute><attribute><key><![CDATA[farbes]]></key><values><value><![CDATA[asdg]]></value></values></attribute><attribute><key><![CDATA[My Numbers]]></key><values><value><![CDATA[1]]></value></values></attribute><attribute><key><![CDATA[Merkmalsgruppe (Name)]]></key><values><value><![CDATA[Merkmal mit Gruppe (Webshop)]]></value></values></attribute><attribute><key><![CDATA[Haupt-Stein & Perlen]]></key><values><value><![CDATA[- Ohne Stein]]></value></values></attribute><attribute><key><![CDATA[taste]]></key><values><value><![CDATA[mild]]></value></values></attribute><attribute><key><![CDATA[vendor]]></key><values><value><![CDATA[Marc O'Polo]]></value></values></attribute><attribute><key><![CDATA[free7]]></key><values><value><![CDATA[0]]></value></values></attribute><attribute><key><![CDATA[free8]]></key><values><value><![CDATA[0]]></value></values></attribute><attribute><key><![CDATA[free9]]></key><values><value><![CDATA[0]]></value></values></attribute><attribute><key><![CDATA[free10]]></key><values><value><![CDATA[0]]></value></values></attribute><attribute><key><![CDATA[free11]]></key><values><value><![CDATA[0]]></value></values></attribute><attribute><key><![CDATA[free12]]></key><values><value><![CDATA[0]]></value></values></attribute><attribute><key><![CDATA[free13]]></key><values><value><![CDATA[0]]></value></values></attribute><attribute><key><![CDATA[free14]]></key><values><value><![CDATA[0]]></value></values></attribute><attribute><key><![CDATA[free15]]></key><values><value><![CDATA[0]]></value></values></attribute><attribute><key><![CDATA[free16]]></key><values><value><![CDATA[0]]></value></values></attribute><attribute><key><![CDATA[free17]]></key><values><value><![CDATA[0]]></value></values></attribute><attribute><key><![CDATA[free18]]></key><values><value><![CDATA[0]]></value></values></attribute><attribute><key><![CDATA[free19]]></key><values><value><![CDATA[0]]></value></values></attribute><attribute><key><![CDATA[free20]]></key><values><value><![CDATA[0]]></value></values></attribute></attributes></allAttributes><allImages><images><image><![CDATA[https://cdn02.plentymarkets.com/1vtro1y3gmyy/item/images/107/middle/107-Barhocker-Fury-gepolstert.jpg]]></image></images></allImages><groups><group><![CDATA[0_]]></group><group><![CDATA[0_]]></group></groups><variants/></item><item id="109"><names><name><![CDATA[Barhocker White SanFrancisco]]></name></names><summaries/><descriptions><description><![CDATA[<p>Der Barhocker White SanFrancisco zeichnet sich durch seine besondere Optik in Hochglanz aus. Durch seine stufenlos einstellbare Gasdruckfeder ist er für jede Körpergröße geeignet. Ein weiteres Ausstattungsmerkmal ist die sehr stabile Fußbank. Der Chrom-Fuß rundet das Gesamtbild des Barhockers stimmig ab.</p>
<ul>	<li>Farbe Sitzfläche: Weiß</li>	<li>Gestell: Chrom</li>	<li>Funktion: Stufenlos höhenverstellbar, durch Gasdruckfeder 360° drehbar</li></ul>]]></description></descriptions><prices><price><![CDATA[79]]></price></prices><overriddenPrices><overriddenPrice><![CDATA[0]]></overriddenPrice></overriddenPrices><urls><url><![CDATA[https://plenty.findologic.io/wohnzimmer/sessel-hocker/barhocker-white-sanfrancisco/a-109]]></url></urls><bonuses/><salesFrequencies><salesFrequency><![CDATA[0]]></salesFrequency></salesFrequencies><dateAddeds><dateAdded><![CDATA[2014-01-13T00:00:00+01:00]]></dateAdded></dateAddeds><sorts/><allKeywords><keywords><keyword><![CDATA[furniture, chair, living room]]></keyword></keywords></allKeywords><allOrdernumbers><ordernumbers><ordernumber><![CDATA[NEW-3]]></ordernumber><ordernumber><![CDATA[h0m8n7]]></ordernumber><ordernumber><![CDATA[1007]]></ordernumber><ordernumber><![CDATA[109]]></ordernumber><ordernumber><![CDATA[978-3-16-148410-0]]></ordernumber></ordernumbers></allOrdernumbers><visibilities/><allProperties><properties><property><key><![CDATA[base_unit]]></key><value><![CDATA[Stück]]></value></property><property><key><![CDATA[package_size]]></key><value><![CDATA[1]]></value></property><property><key><![CDATA[variation_id]]></key><value><![CDATA[1007]]></value></property><property><key><![CDATA[price_id]]></key><value><![CDATA[1]]></value></property></properties></allProperties><allAttributes><attributes><attribute><key><![CDATA[cat]]></key><values><value><![CDATA[Raum]]></value><value><![CDATA[Raum_Sessel & Hocker]]></value><value><![CDATA[Raum_Sub-Raum_Sub-Sub-Raum]]></value></values></attribute><attribute><key><![CDATA[cat_url]]></key><values><value><![CDATA[/raum/]]></value><value><![CDATA[/raum/sessel-hocker/]]></value><value><![CDATA[/raum/sub-raum/sub-sub-raum/]]></value></values></attribute><attribute><key><![CDATA[Merkmalsgruppe (Name)]]></key><values><value><![CDATA[Merkmal mit Gruppe (Webshop)]]></value></values></attribute><attribute><key><![CDATA[taste]]></key><values><value><![CDATA[mild]]></value><value><![CDATA[harsh]]></value></values></attribute><attribute><key><![CDATA[vendor]]></key><values><value><![CDATA[My HUNDE design]]></value></values></attribute><attribute><key><![CDATA[free7]]></key><values><value><![CDATA[0]]></value></values></attribute><attribute><key><![CDATA[free8]]></key><values><value><![CDATA[0]]></value></values></attribute><attribute><key><![CDATA[free9]]></key><values><value><![CDATA[0]]></value></values></attribute><attribute><key><![CDATA[free10]]></key><values><value><![CDATA[0]]></value></values></attribute><attribute><key><![CDATA[free11]]></key><values><value><![CDATA[0]]></value></values></attribute><attribute><key><![CDATA[free12]]></key><values><value><![CDATA[0]]></value></values></attribute><attribute><key><![CDATA[free13]]></key><values><value><![CDATA[0]]></value></values></attribute><attribute><key><![CDATA[free14]]></key><values><value><![CDATA[0]]></value></values></attribute><attribute><key><![CDATA[free15]]></key><values><value><![CDATA[0]]></value></values></attribute><attribute><key><![CDATA[free16]]></key><values><value><![CDATA[0]]></value></values></attribute><attribute><key><![CDATA[free17]]></key><values><value><![CDATA[0]]></value></values></attribute><attribute><key><![CDATA[free18]]></key><values><value><![CDATA[0]]></value></values></attribute><attribute><key><![CDATA[free19]]></key><values><value><![CDATA[0]]></value></values></attribute><attribute><key><![CDATA[free20]]></key><values><value><![CDATA[0]]></value></values></attribute></attributes></allAttributes><allImages><images><image><![CDATA[https://cdn02.plentymarkets.com/1vtro1y3gmyy/item/images/109/middle/109-Barhocker-White-SanFrancisco.jpg]]></image></images></allImages><groups><group><![CDATA[0_]]></group></groups><variants/></item><item id="111"><names><name><![CDATA[n1]]></name></names><summaries/><descriptions><description><![CDATA[<p>Kantig und gleichzeitig abgerundet. So lässt sich der Cocktailsessel Venedig wohl am besten beschreiben. Die mit Federkern gepolsterte Sitzfläche bietet nach einem langen Arbeitstag die optimale Ausgangslage für den Feierabend. Die abgerundete Rückenlehne sorgt für rückenschonendes Sitzen. Lassen auch Sie sich von diesem Sitzgefühl begeistern.</p>
<ul>	<li>Größe: ca. B 110 x T 99 x H 97 cm</li>	<li>Sitzhöhe ca. 48 cm</li>	<li>Sitzbreite ca. 75 cm</li>	<li>Sitztiefe ca. 58 cm</li></ul>]]></description></descriptions><prices><price><![CDATA[119]]></price></prices><overriddenPrices><overriddenPrice><![CDATA[0]]></overriddenPrice></overriddenPrices><urls><url><![CDATA[https://plenty.findologic.io/wohnzimmer/sessel-hocker/cocktailsessel-venedig/a-111]]></url></urls><bonuses/><salesFrequencies><salesFrequency><![CDATA[0]]></salesFrequency></salesFrequencies><dateAddeds><dateAdded><![CDATA[2014-01-13T00:00:00+01:00]]></dateAdded></dateAddeds><sorts/><allKeywords/><allOrdernumbers><ordernumbers><ordernumber><![CDATA[NEW-5]]></ordernumber><ordernumber><![CDATA[1009]]></ordernumber><ordernumber><![CDATA[111]]></ordernumber></ordernumbers></allOrdernumbers><visibilities/><allProperties><properties><property><key><![CDATA[base_unit]]></key><value><![CDATA[Stück]]></value></property><property><key><![CDATA[package_size]]></key><value><![CDATA[1]]></value></property><property><key><![CDATA[variation_id]]></key><value><![CDATA[1009]]></value></property><property><key><![CDATA[price_id]]></key><value><![CDATA[1]]></value></property></properties></allProperties><allAttributes><attributes><attribute><key><![CDATA[cat]]></key><values><value><![CDATA[Raum_Sessel & Hocker]]></value></values></attribute><attribute><key><![CDATA[cat_url]]></key><values><value><![CDATA[/raum/sessel-hocker/]]></value></values></attribute><attribute><key><![CDATA[My Numbers]]></key><values><value><![CDATA[-199]]></value></values></attribute><attribute><key><![CDATA[Merkmalsgruppe (Name)]]></key><values><value><![CDATA[Merkmal mit Gruppe (Webshop)]]></value></values></attribute><attribute><key><![CDATA[vendor]]></key><values><value><![CDATA[My HUNDE design]]></value></values></attribute><attribute><key><![CDATA[free7]]></key><values><value><![CDATA[0]]></value></values></attribute><attribute><key><![CDATA[free8]]></key><values><value><![CDATA[0]]></value></values></attribute><attribute><key><![CDATA[free9]]></key><values><value><![CDATA[0]]></value></values></attribute><attribute><key><![CDATA[free10]]></key><values><value><![CDATA[0]]></value></values></attribute><attribute><key><![CDATA[free11]]></key><values><value><![CDATA[0]]></value></values></attribute><attribute><key><![CDATA[free12]]></key><values><value><![CDATA[0]]></value></values></attribute><attribute><key><![CDATA[free13]]></key><values><value><![CDATA[0]]></value></values></attribute><attribute><key><![CDATA[free14]]></key><values><value><![CDATA[0]]></value></values></attribute><attribute><key><![CDATA[free15]]></key><values><value><![CDATA[0]]></value></values></attribute><attribute><key><![CDATA[free16]]></key><values><value><![CDATA[0]]></value></values></attribute><attribute><key><![CDATA[free17]]></key><values><value><![CDATA[0]]></value></values></attribute><attribute><key><![CDATA[free18]]></key><values><value><![CDATA[0]]></value></values></attribute><attribute><key><![CDATA[free19]]></key><values><value><![CDATA[0]]></value></values></attribute><attribute><key><![CDATA[free20]]></key><values><value><![CDATA[0]]></value></values></attribute></attributes></allAttributes><allImages><images><image><![CDATA[https://cdn02.plentymarkets.com/1vtro1y3gmyy/item/images/111/middle/111-Cocktailsessel-Venedig.jpg]]></image></images></allImages><groups><group><![CDATA[0_]]></group></groups><variants/></item><item id="112"><names><name><![CDATA[Couch 2-Sitzer Miami]]></name></names><summaries/><descriptions><description><![CDATA[<p>Schlichte Optik mit vier Standfüßen aus verchromtem Metall heben sich im Kontrast ab. Dies zeichnet den 2-Sitzer Miami aus. Elegant und schlicht kommt dieses Möbel daher und bietet ausreichend Platz für 2 Personen.</p>

<p><strong>Maße</strong></p>

<ul>
	<li>Gesamthöhe:&nbsp;85 cm</li>
	<li>Gesamtbreite:&nbsp;155 cm</li>
	<li>Gesamttiefe:&nbsp;75 cm</li>
	<li>Sitzhöhe:&nbsp;48 cm</li>
	<li>Sitztiefe:&nbsp;54 cm</li>
	<li>Sitzbreite:&nbsp;119 cm</li>
	<li>Lehnenhöhe:&nbsp;26 cm</li>
	<li>Höhe der Füße:&nbsp;10 cm</li>
</ul>]]></description></descriptions><prices><price><![CDATA[289]]></price></prices><overriddenPrices><overriddenPrice><![CDATA[0]]></overriddenPrice></overriddenPrices><urls><url><![CDATA[https://plenty.findologic.io/wohnzimmer/sessel-sofas/couch-2-sitzer-miami/a-112]]></url></urls><bonuses/><salesFrequencies><salesFrequency><![CDATA[0]]></salesFrequency></salesFrequencies><dateAddeds><dateAdded><![CDATA[2014-01-13T00:00:00+01:00]]></dateAdded></dateAddeds><sorts/><allKeywords/><allOrdernumbers><ordernumbers><ordernumber><![CDATA[NEW-6]]></ordernumber><ordernumber><![CDATA[1010]]></ordernumber><ordernumber><![CDATA[112]]></ordernumber></ordernumbers></allOrdernumbers><visibilities/><allProperties><properties><property><key><![CDATA[base_unit]]></key><value><![CDATA[Stück]]></value></property><property><key><![CDATA[package_size]]></key><value><![CDATA[1]]></value></property><property><key><![CDATA[variation_id]]></key><value><![CDATA[1010]]></value></property><property><key><![CDATA[price_id]]></key><value><![CDATA[1]]></value></property></properties></allProperties><allAttributes><attributes><attribute><key><![CDATA[cat]]></key><values><value><![CDATA[Raum_Sofas]]></value></values></attribute><attribute><key><![CDATA[cat_url]]></key><values><value><![CDATA[/raum/sofas/]]></value></values></attribute><attribute><key><![CDATA[Merkmalsgruppe (Name)]]></key><values><value><![CDATA[Merkmal mit Gruppe (Webshop)]]></value></values></attribute><attribute><key><![CDATA[vendor]]></key><values><value><![CDATA[Exclusive Leather]]></value></values></attribute><attribute><key><![CDATA[free7]]></key><values><value><![CDATA[0]]></value></values></attribute><attribute><key><![CDATA[free8]]></key><values><value><![CDATA[0]]></value></values></attribute><attribute><key><![CDATA[free9]]></key><values><value><![CDATA[0]]></value></values></attribute><attribute><key><![CDATA[free10]]></key><values><value><![CDATA[0]]></value></values></attribute><attribute><key><![CDATA[free11]]></key><values><value><![CDATA[0]]></value></values></attribute><attribute><key><![CDATA[free12]]></key><values><value><![CDATA[0]]></value></values></attribute><attribute><key><![CDATA[free13]]></key><values><value><![CDATA[0]]></value></values></attribute><attribute><key><![CDATA[free14]]></key><values><value><![CDATA[0]]></value></values></attribute><attribute><key><![CDATA[free15]]></key><values><value><![CDATA[0]]></value></values></attribute><attribute><key><![CDATA[free16]]></key><values><value><![CDATA[0]]></value></values></attribute><attribute><key><![CDATA[free17]]></key><values><value><![CDATA[0]]></value></values></attribute><attribute><key><![CDATA[free18]]></key><values><value><![CDATA[0]]></value></values></attribute><attribute><key><![CDATA[free19]]></key><values><value><![CDATA[0]]></value></values></attribute><attribute><key><![CDATA[free20]]></key><values><value><![CDATA[0]]></value></values></attribute></attributes></allAttributes><allImages><images><image><![CDATA[https://cdn02.plentymarkets.com/1vtro1y3gmyy/item/images/112/middle/112-Couch-2-Sitzer-Miami.jpg]]></image></images></allImages><groups><group><![CDATA[0_]]></group></groups><variants/></item><item id="113"><names><name><![CDATA[Design Couch Sydney]]></name></names><summaries/><descriptions><description><![CDATA[<p>Das moderne Design der Couch Sydney belebt jedes Wohnzimmer. Dieses Polstermöbel kommt mitsamt 3 Zierkissen zu Ihnen nach Hause. Der Grau-Braune Bezugsstoff verleiht der Couch einen ganz besonderen Charme und bietet gleichzeitig besten Sitzkomfort und somit die absolute Entspannung.</p>

<ul>
	<li>Material: Bezug aus 100% Polyester, Füße aus Kunststoff</li>
	<li>Maße: Breite 216 cm, Tiefe 97 cm, Höhe 75 cm</li>
	<li>Detailmaße: Sitzhöhe 43 cm, Sitztiefe 66 cm, Breite der Armlehnen 39 cm, Fußhöhe 7,5 cm</li>
	<li>Schaumstoffdichte: 28 kg/m³</li>
	<li>Hohe Scheuerbeständigkeit des Stoffbezugs</li>
	<li>Der Bezug ist nicht abnehmbar</li>
</ul>]]></description></descriptions><prices><price><![CDATA[269]]></price></prices><overriddenPrices><overriddenPrice><![CDATA[0]]></overriddenPrice></overriddenPrices><urls><url><![CDATA[https://plenty.findologic.io/wohnzimmer/sessel-sofas/design-couch-sydney/a-113]]></url></urls><bonuses/><salesFrequencies><salesFrequency><![CDATA[0]]></salesFrequency></salesFrequencies><dateAddeds><dateAdded><![CDATA[2014-01-13T00:00:00+01:00]]></dateAdded></dateAddeds><sorts/><allKeywords/><allOrdernumbers><ordernumbers><ordernumber><![CDATA[NEW-7]]></ordernumber><ordernumber><![CDATA[1011]]></ordernumber><ordernumber><![CDATA[113]]></ordernumber></ordernumbers></allOrdernumbers><visibilities/><allProperties><properties><property><key><![CDATA[base_unit]]></key><value><![CDATA[Stück]]></value></property><property><key><![CDATA[package_size]]></key><value><![CDATA[1]]></value></property><property><key><![CDATA[variation_id]]></key><value><![CDATA[1011]]></value></property><property><key><![CDATA[price_id]]></key><value><![CDATA[1]]></value></property></properties></allProperties><allAttributes><attributes><attribute><key><![CDATA[cat]]></key><values><value><![CDATA[Raum_Sofas]]></value></values></attribute><attribute><key><![CDATA[cat_url]]></key><values><value><![CDATA[/raum/sofas/]]></value></values></attribute><attribute><key><![CDATA[My Numbers]]></key><values><value><![CDATA[2]]></value></values></attribute><attribute><key><![CDATA[Merkmalsgruppe (Name)]]></key><values><value><![CDATA[Merkmal mit Gruppe (Webshop)]]></value></values></attribute><attribute><key><![CDATA[vendor]]></key><values><value><![CDATA[My HUNDE design]]></value></values></attribute><attribute><key><![CDATA[free7]]></key><values><value><![CDATA[0]]></value></values></attribute><attribute><key><![CDATA[free8]]></key><values><value><![CDATA[0]]></value></values></attribute><attribute><key><![CDATA[free9]]></key><values><value><![CDATA[0]]></value></values></attribute><attribute><key><![CDATA[free10]]></key><values><value><![CDATA[0]]></value></values></attribute><attribute><key><![CDATA[free11]]></key><values><value><![CDATA[0]]></value></values></attribute><attribute><key><![CDATA[free12]]></key><values><value><![CDATA[0]]></value></values></attribute><attribute><key><![CDATA[free13]]></key><values><value><![CDATA[0]]></value></values></attribute><attribute><key><![CDATA[free14]]></key><values><value><![CDATA[0]]></value></values></attribute><attribute><key><![CDATA[free15]]></key><values><value><![CDATA[0]]></value></values></attribute><attribute><key><![CDATA[free16]]></key><values><value><![CDATA[0]]></value></values></attribute><attribute><key><![CDATA[free17]]></key><values><value><![CDATA[0]]></value></values></attribute><attribute><key><![CDATA[free18]]></key><values><value><![CDATA[0]]></value></values></attribute><attribute><key><![CDATA[free19]]></key><values><value><![CDATA[0]]></value></values></attribute><attribute><key><![CDATA[free20]]></key><values><value><![CDATA[0]]></value></values></attribute></attributes></allAttributes><allImages><images><image><![CDATA[https://cdn02.plentymarkets.com/1vtro1y3gmyy/item/images/113/middle/113-Design-Couch-Sydney.jpg]]></image></images></allImages><groups><group><![CDATA[0_]]></group></groups><variants/></item><item id="114"><names><name><![CDATA[Design Sessel Black&White]]></name></names><summaries/><descriptions><description><![CDATA[<p>Überaus bequem und einladend, mit einem Design, das seinesgleichen sucht, präsentiert sich der Sessel Black&amp;White. Durch seine abgerundete Form im Sitzbereich bietet er einen wahren Augenschmaus. Die zusätzliche Stütze im Lendenbereich passt sich optimal in das Gesamtbild ein.</p>

<ul>
	<li>Breite: 70 cm</li>
	<li>Höhe: 92 cm</li>
	<li>Tiefe: 80 cm</li>
	<li>Sitzhöhe: 37 cm</li>
</ul>]]></description></descriptions><prices><price><![CDATA[149]]></price></prices><overriddenPrices><overriddenPrice><![CDATA[199]]></overriddenPrice></overriddenPrices><urls><url><![CDATA[https://plenty.findologic.io/wohnzimmer/sessel-sofas/design-sessel-black-white/a-114]]></url></urls><bonuses/><salesFrequencies><salesFrequency><![CDATA[0]]></salesFrequency></salesFrequencies><dateAddeds><dateAdded><![CDATA[2014-01-13T00:00:00+01:00]]></dateAdded></dateAddeds><sorts/><allKeywords/><allOrdernumbers><ordernumbers><ordernumber><![CDATA[NEW-8]]></ordernumber><ordernumber><![CDATA[1012]]></ordernumber><ordernumber><![CDATA[114]]></ordernumber></ordernumbers></allOrdernumbers><visibilities/><allProperties><properties><property><key><![CDATA[base_unit]]></key><value><![CDATA[Stück]]></value></property><property><key><![CDATA[package_size]]></key><value><![CDATA[1]]></value></property><property><key><![CDATA[variation_id]]></key><value><![CDATA[1012]]></value></property><property><key><![CDATA[price_id]]></key><value><![CDATA[1]]></value></property></properties></allProperties><allAttributes><attributes><attribute><key><![CDATA[cat]]></key><values><value><![CDATA[Raum_Sessel & Hocker]]></value></values></attribute><attribute><key><![CDATA[cat_url]]></key><values><value><![CDATA[/raum/sessel-hocker/]]></value></values></attribute><attribute><key><![CDATA[Klo]]></key><values><value><![CDATA[Hund]]></value></values></attribute><attribute><key><![CDATA[Merkmalsgruppe (Name)]]></key><values><value><![CDATA[Merkmal mit Gruppe (Webshop)]]></value></values></attribute><attribute><key><![CDATA[vendor]]></key><values><value><![CDATA[My HUNDE design]]></value></values></attribute><attribute><key><![CDATA[free7]]></key><values><value><![CDATA[0]]></value></values></attribute><attribute><key><![CDATA[free8]]></key><values><value><![CDATA[0]]></value></values></attribute><attribute><key><![CDATA[free9]]></key><values><value><![CDATA[0]]></value></values></attribute><attribute><key><![CDATA[free10]]></key><values><value><![CDATA[0]]></value></values></attribute><attribute><key><![CDATA[free11]]></key><values><value><![CDATA[0]]></value></values></attribute><attribute><key><![CDATA[free12]]></key><values><value><![CDATA[0]]></value></values></attribute><attribute><key><![CDATA[free13]]></key><values><value><![CDATA[0]]></value></values></attribute><attribute><key><![CDATA[free14]]></key><values><value><![CDATA[0]]></value></values></attribute><attribute><key><![CDATA[free15]]></key><values><value><![CDATA[0]]></value></values></attribute><attribute><key><![CDATA[free16]]></key><values><value><![CDATA[0]]></value></values></attribute><attribute><key><![CDATA[free17]]></key><values><value><![CDATA[0]]></value></values></attribute><attribute><key><![CDATA[free18]]></key><values><value><![CDATA[0]]></value></values></attribute><attribute><key><![CDATA[free19]]></key><values><value><![CDATA[0]]></value></values></attribute><attribute><key><![CDATA[free20]]></key><values><value><![CDATA[0]]></value></values></attribute></attributes></allAttributes><allImages><images><image><![CDATA[https://cdn02.plentymarkets.com/1vtro1y3gmyy/item/images/114/middle/114-Design-Sessel-BlackundWhite.jpg]]></image></images></allImages><groups><group><![CDATA[0_]]></group></groups><variants/></item><item id="115"><names><name><![CDATA[Esszimmerstuhl JuicyOrange]]></name></names><summaries/><descriptions><description><![CDATA[<p>Der Name ist Programm! Die frische Farbe und das schlichte Design passen in jedes Esszimmer. Die Stuhlbeine aus gebürstetem Stahl schmiegen sich zum grellen Orange sehr gut an. Die Füße aus rutschfester Gummierung bieten auch auf Fließen und Laminat optimalen Halt.</p>]]></description></descriptions><prices><price><![CDATA[59]]></price></prices><overriddenPrices><overriddenPrice><![CDATA[0]]></overriddenPrice></overriddenPrices><urls><url><![CDATA[https://plenty.findologic.io/wohnzimmer/sessel-sofas/esszimmerstuhl-juicyorange/a-115]]></url></urls><bonuses/><salesFrequencies><salesFrequency><![CDATA[0]]></salesFrequency></salesFrequencies><dateAddeds><dateAdded><![CDATA[2014-01-13T00:00:00+01:00]]></dateAdded></dateAddeds><sorts/><allKeywords/><allOrdernumbers><ordernumbers><ordernumber><![CDATA[NEW-9]]></ordernumber><ordernumber><![CDATA[1013]]></ordernumber><ordernumber><![CDATA[115]]></ordernumber></ordernumbers></allOrdernumbers><visibilities/><allProperties><properties><property><key><![CDATA[base_unit]]></key><value><![CDATA[Stück]]></value></property><property><key><![CDATA[package_size]]></key><value><![CDATA[1]]></value></property><property><key><![CDATA[variation_id]]></key><value><![CDATA[1013]]></value></property><property><key><![CDATA[price_id]]></key><value><![CDATA[1]]></value></property></properties></allProperties><allAttributes><attributes><attribute><key><![CDATA[cat]]></key><values><value><![CDATA[Raum]]></value><value><![CDATA[Raum_Sessel & Hocker]]></value></values></attribute><attribute><key><![CDATA[cat_url]]></key><values><value><![CDATA[/raum/]]></value><value><![CDATA[/raum/sessel-hocker/]]></value></values></attribute><attribute><key><![CDATA[Merkmalsgruppe (Name)]]></key><values><value><![CDATA[Merkmal mit Gruppe (Webshop)]]></value></values></attribute><attribute><key><![CDATA[vendor]]></key><values><value><![CDATA[My HUNDE design]]></value></values></attribute><attribute><key><![CDATA[free7]]></key><values><value><![CDATA[0]]></value></values></attribute><attribute><key><![CDATA[free8]]></key><values><value><![CDATA[0]]></value></values></attribute><attribute><key><![CDATA[free9]]></key><values><value><![CDATA[0]]></value></values></attribute><attribute><key><![CDATA[free10]]></key><values><value><![CDATA[0]]></value></values></attribute><attribute><key><![CDATA[free11]]></key><values><value><![CDATA[0]]></value></values></attribute><attribute><key><![CDATA[free12]]></key><values><value><![CDATA[0]]></value></values></attribute><attribute><key><![CDATA[free13]]></key><values><value><![CDATA[0]]></value></values></attribute><attribute><key><![CDATA[free14]]></key><values><value><![CDATA[0]]></value></values></attribute><attribute><key><![CDATA[free15]]></key><values><value><![CDATA[0]]></value></values></attribute><attribute><key><![CDATA[free16]]></key><values><value><![CDATA[0]]></value></values></attribute><attribute><key><![CDATA[free17]]></key><values><value><![CDATA[0]]></value></values></attribute><attribute><key><![CDATA[free18]]></key><values><value><![CDATA[0]]></value></values></attribute><attribute><key><![CDATA[free19]]></key><values><value><![CDATA[0]]></value></values></attribute><attribute><key><![CDATA[free20]]></key><values><value><![CDATA[0]]></value></values></attribute></attributes></allAttributes><allImages><images><image><![CDATA[https://cdn02.plentymarkets.com/1vtro1y3gmyy/item/images/115/middle/115-Esszimmerstuhl-JuicyOrange.jpg]]></image></images></allImages><groups><group><![CDATA[0_]]></group></groups><variants/></item><item id="116"><names><name><![CDATA[Loungesessel Herkules]]></name></names><summaries/><descriptions><description><![CDATA[<p>In seinem Cremeweiss wirkt dieses Sitzmöbel äußerst edel und luxuriös. Die Standfüße aus echtem Holz gliedern sich unauffällig und dezent in das Gesamtbild des Sessels ein. Für die Herstellung werden ausnahmslos nur die besten Ressourcen verwendet. Bestes Buchenholz aus heimischen Wäldern und feinstes Kalbsleder machen dieses Möbelstück zu einem einzigartigen Schmuckstück.</p>]]></description></descriptions><prices><price><![CDATA[139]]></price></prices><overriddenPrices><overriddenPrice><![CDATA[0]]></overriddenPrice></overriddenPrices><urls><url><![CDATA[https://plenty.findologic.io/wohnzimmer/sessel-sofas/loungesessel-herkules/a-116]]></url></urls><bonuses/><salesFrequencies><salesFrequency><![CDATA[0]]></salesFrequency></salesFrequencies><dateAddeds><dateAdded><![CDATA[2014-01-13T00:00:00+01:00]]></dateAdded></dateAddeds><sorts/><allKeywords/><allOrdernumbers><ordernumbers><ordernumber><![CDATA[NEW-10]]></ordernumber><ordernumber><![CDATA[1014]]></ordernumber><ordernumber><![CDATA[116]]></ordernumber></ordernumbers></allOrdernumbers><visibilities/><allProperties><properties><property><key><![CDATA[base_unit]]></key><value><![CDATA[Stück]]></value></property><property><key><![CDATA[package_size]]></key><value><![CDATA[1]]></value></property><property><key><![CDATA[variation_id]]></key><value><![CDATA[1014]]></value></property><property><key><![CDATA[price_id]]></key><value><![CDATA[1]]></value></property></properties></allProperties><allAttributes><attributes><attribute><key><![CDATA[cat]]></key><values><value><![CDATA[Raum_Sessel & Hocker]]></value></values></attribute><attribute><key><![CDATA[cat_url]]></key><values><value><![CDATA[/raum/sessel-hocker/]]></value></values></attribute><attribute><key><![CDATA[Merkmalsgruppe (Name)]]></key><values><value><![CDATA[Merkmal mit Gruppe (Webshop)]]></value></values></attribute><attribute><key><![CDATA[vendor]]></key><values><value><![CDATA[My HUNDE design]]></value></values></attribute><attribute><key><![CDATA[free7]]></key><values><value><![CDATA[0]]></value></values></attribute><attribute><key><![CDATA[free8]]></key><values><value><![CDATA[0]]></value></values></attribute><attribute><key><![CDATA[free9]]></key><values><value><![CDATA[0]]></value></values></attribute><attribute><key><![CDATA[free10]]></key><values><value><![CDATA[0]]></value></values></attribute><attribute><key><![CDATA[free11]]></key><values><value><![CDATA[0]]></value></values></attribute><attribute><key><![CDATA[free12]]></key><values><value><![CDATA[0]]></value></values></attribute><attribute><key><![CDATA[free13]]></key><values><value><![CDATA[0]]></value></values></attribute><attribute><key><![CDATA[free14]]></key><values><value><![CDATA[0]]></value></values></attribute><attribute><key><![CDATA[free15]]></key><values><value><![CDATA[0]]></value></values></attribute><attribute><key><![CDATA[free16]]></key><values><value><![CDATA[0]]></value></values></attribute><attribute><key><![CDATA[free17]]></key><values><value><![CDATA[0]]></value></values></attribute><attribute><key><![CDATA[free18]]></key><values><value><![CDATA[0]]></value></values></attribute><attribute><key><![CDATA[free19]]></key><values><value><![CDATA[0]]></value></values></attribute><attribute><key><![CDATA[free20]]></key><values><value><![CDATA[0]]></value></values></attribute></attributes></allAttributes><allImages><images><image><![CDATA[https://cdn02.plentymarkets.com/1vtro1y3gmyy/item/images/116/middle/116-Loungesessel-Herkules.jpg]]></image></images></allImages><groups><group><![CDATA[0_]]></group></groups><variants/></item><item id="117"><names><name><![CDATA[Loungesessel Wild Tokio]]></name></names><summaries/><descriptions><description><![CDATA[<p>Angelehnt an die angesagte Clubszene im fernen Osten bringen Sie mit diesem Sitzmöbel auch einen Hauch Japan in Ihre vier Wände. Die sich nach Innen vertiefende Sitzfläche bietet ein einzigartiges Sitzerlebnis. Die mit Schaumstoff gepolsterte Rückenlehne schmiegt sich perfekt an Ihren Rücken an. Der große drehbare kegelförmige Fuß bietet optimalen Halt in jeder Situation.</p>]]></description></descriptions><prices><price><![CDATA[199]]></price></prices><overriddenPrices><overriddenPrice><![CDATA[0]]></overriddenPrice></overriddenPrices><urls><url><![CDATA[https://plenty.findologic.io/wohnzimmer/sessel-hocker/loungesessel-wild-tokio/a-117]]></url></urls><bonuses/><salesFrequencies><salesFrequency><![CDATA[0]]></salesFrequency></salesFrequencies><dateAddeds><dateAdded><![CDATA[2014-01-13T00:00:00+01:00]]></dateAdded></dateAddeds><sorts/><allKeywords/><allOrdernumbers><ordernumbers><ordernumber><![CDATA[NEW-11]]></ordernumber><ordernumber><![CDATA[1015]]></ordernumber><ordernumber><![CDATA[117]]></ordernumber></ordernumbers></allOrdernumbers><visibilities/><allProperties><properties><property><key><![CDATA[base_unit]]></key><value><![CDATA[Stück]]></value></property><property><key><![CDATA[package_size]]></key><value><![CDATA[1]]></value></property><property><key><![CDATA[variation_id]]></key><value><![CDATA[1015]]></value></property><property><key><![CDATA[price_id]]></key><value><![CDATA[1]]></value></property></properties></allProperties><allAttributes><attributes><attribute><key><![CDATA[cat]]></key><values><value><![CDATA[Raum_Sessel & Hocker]]></value></values></attribute><attribute><key><![CDATA[cat_url]]></key><values><value><![CDATA[/raum/sessel-hocker/]]></value></values></attribute><attribute><key><![CDATA[Merkmalsgruppe (Name)]]></key><values><value><![CDATA[Merkmal mit Gruppe (Webshop)]]></value></values></attribute><attribute><key><![CDATA[vendor]]></key><values><value><![CDATA[Exclusive Leather]]></value></values></attribute><attribute><key><![CDATA[free7]]></key><values><value><![CDATA[0]]></value></values></attribute><attribute><key><![CDATA[free8]]></key><values><value><![CDATA[0]]></value></values></attribute><attribute><key><![CDATA[free9]]></key><values><value><![CDATA[0]]></value></values></attribute><attribute><key><![CDATA[free10]]></key><values><value><![CDATA[0]]></value></values></attribute><attribute><key><![CDATA[free11]]></key><values><value><![CDATA[0]]></value></values></attribute><attribute><key><![CDATA[free12]]></key><values><value><![CDATA[0]]></value></values></attribute><attribute><key><![CDATA[free13]]></key><values><value><![CDATA[0]]></value></values></attribute><attribute><key><![CDATA[free14]]></key><values><value><![CDATA[0]]></value></values></attribute><attribute><key><![CDATA[free15]]></key><values><value><![CDATA[0]]></value></values></attribute><attribute><key><![CDATA[free16]]></key><values><value><![CDATA[0]]></value></values></attribute><attribute><key><![CDATA[free17]]></key><values><value><![CDATA[0]]></value></values></attribute><attribute><key><![CDATA[free18]]></key><values><value><![CDATA[0]]></value></values></attribute><attribute><key><![CDATA[free19]]></key><values><value><![CDATA[0]]></value></values></attribute><attribute><key><![CDATA[free20]]></key><values><value><![CDATA[0]]></value></values></attribute></attributes></allAttributes><allImages><images><image><![CDATA[https://cdn02.plentymarkets.com/1vtro1y3gmyy/item/images/117/middle/117-Loungesessel-Wild-Tokio.jpg]]></image></images></allImages><groups><group><![CDATA[0_]]></group></groups><variants/></item><item id="118"><names><name><![CDATA[Relaxsessel Rio]]></name></names><summaries/><descriptions><description><![CDATA[Der Relaxsessel Rio zieht garantiert alle Blicke auf sich. Durch sein frisches Design und die knalligen Farben bietet dieses Möbel den perfekten Kontrast zum klassischen und schlichten Design. Durch seine leicht nach hinten geneigte Sitzfläche lädt er zum Träumen ein. Genießen Sie ein gutes Buch in diesem sehr bequemen Möbelstück und überzeugen Sie sich selbst.]]></description></descriptions><prices><price><![CDATA[149]]></price></prices><overriddenPrices><overriddenPrice><![CDATA[0]]></overriddenPrice></overriddenPrices><urls><url><![CDATA[https://plenty.findologic.io/wohnzimmer/sessel-hocker/relaxsessel-rio/a-118]]></url></urls><bonuses/><salesFrequencies><salesFrequency><![CDATA[0]]></salesFrequency></salesFrequencies><dateAddeds><dateAdded><![CDATA[2014-01-13T00:00:00+01:00]]></dateAdded></dateAddeds><sorts/><allKeywords/><allOrdernumbers><ordernumbers><ordernumber><![CDATA[NEW-12]]></ordernumber><ordernumber><![CDATA[1016]]></ordernumber><ordernumber><![CDATA[118]]></ordernumber></ordernumbers></allOrdernumbers><visibilities/><allProperties><properties><property><key><![CDATA[base_unit]]></key><value><![CDATA[Stück]]></value></property><property><key><![CDATA[package_size]]></key><value><![CDATA[1]]></value></property><property><key><![CDATA[variation_id]]></key><value><![CDATA[1016]]></value></property><property><key><![CDATA[price_id]]></key><value><![CDATA[1]]></value></property></properties></allProperties><allAttributes><attributes><attribute><key><![CDATA[cat]]></key><values><value><![CDATA[Raum_Sessel & Hocker]]></value></values></attribute><attribute><key><![CDATA[cat_url]]></key><values><value><![CDATA[/raum/sessel-hocker/]]></value></values></attribute><attribute><key><![CDATA[Merkmalsgruppe (Name)]]></key><values><value><![CDATA[Merkmal mit Gruppe (Webshop)]]></value></values></attribute><attribute><key><![CDATA[vendor]]></key><values><value><![CDATA[My HUNDE design]]></value></values></attribute><attribute><key><![CDATA[free7]]></key><values><value><![CDATA[0]]></value></values></attribute><attribute><key><![CDATA[free8]]></key><values><value><![CDATA[0]]></value></values></attribute><attribute><key><![CDATA[free9]]></key><values><value><![CDATA[0]]></value></values></attribute><attribute><key><![CDATA[free10]]></key><values><value><![CDATA[0]]></value></values></attribute><attribute><key><![CDATA[free11]]></key><values><value><![CDATA[0]]></value></values></attribute><attribute><key><![CDATA[free12]]></key><values><value><![CDATA[0]]></value></values></attribute><attribute><key><![CDATA[free13]]></key><values><value><![CDATA[0]]></value></values></attribute><attribute><key><![CDATA[free14]]></key><values><value><![CDATA[0]]></value></values></attribute><attribute><key><![CDATA[free15]]></key><values><value><![CDATA[0]]></value></values></attribute><attribute><key><![CDATA[free16]]></key><values><value><![CDATA[0]]></value></values></attribute><attribute><key><![CDATA[free17]]></key><values><value><![CDATA[0]]></value></values></attribute><attribute><key><![CDATA[free18]]></key><values><value><![CDATA[0]]></value></values></attribute><attribute><key><![CDATA[free19]]></key><values><value><![CDATA[0]]></value></values></attribute><attribute><key><![CDATA[free20]]></key><values><value><![CDATA[0]]></value></values></attribute></attributes></allAttributes><allImages><images><image><![CDATA[https://cdn02.plentymarkets.com/1vtro1y3gmyy/item/images/118/middle/118-Relaxsessel-Rio.jpg]]></image></images></allImages><groups><group><![CDATA[0_]]></group></groups><variants/></item><item id="119"><names><name><![CDATA[Relaxsessel Woddenfir]]></name></names><summaries/><descriptions><description><![CDATA[<p>Woddenfir - Dieser Name steht für außergewöhnliche Optik. Der Relaxsessel inklusive Fußhocker wird aus weit über 2.000 einzelnen Teilen handgefertigt. Diese Verarbeitungsweiße bietet Ihnen nicht nur den Vorteil einer außergewöhnlichen Optik, sondern durch die einzeln verleimten Teile eine extreme Belastbarkeit bei maximaler Flexibilität. Der Sessel wie auch der Hocker sind absolut naturbelassen.</p>]]></description></descriptions><prices><price><![CDATA[269]]></price></prices><overriddenPrices><overriddenPrice><![CDATA[0]]></overriddenPrice></overriddenPrices><urls><url><![CDATA[https://plenty.findologic.io/wohnzimmer/sessel-sofas/relaxsessel-woddenfir/a-119]]></url></urls><bonuses/><salesFrequencies><salesFrequency><![CDATA[0]]></salesFrequency></salesFrequencies><dateAddeds><dateAdded><![CDATA[2014-01-13T00:00:00+01:00]]></dateAdded></dateAddeds><sorts/><allKeywords/><allOrdernumbers><ordernumbers><ordernumber><![CDATA[NEW-13]]></ordernumber><ordernumber><![CDATA[1017]]></ordernumber><ordernumber><![CDATA[119]]></ordernumber></ordernumbers></allOrdernumbers><visibilities/><allProperties><properties><property><key><![CDATA[base_unit]]></key><value><![CDATA[Stück]]></value></property><property><key><![CDATA[package_size]]></key><value><![CDATA[1]]></value></property><property><key><![CDATA[variation_id]]></key><value><![CDATA[1017]]></value></property><property><key><![CDATA[price_id]]></key><value><![CDATA[1]]></value></property></properties></allProperties><allAttributes><attributes><attribute><key><![CDATA[cat]]></key><values><value><![CDATA[Raum_Sessel & Hocker]]></value></values></attribute><attribute><key><![CDATA[cat_url]]></key><values><value><![CDATA[/raum/sessel-hocker/]]></value></values></attribute><attribute><key><![CDATA[Klo]]></key><values><value><![CDATA[Katze]]></value></values></attribute><attribute><key><![CDATA[Merkmalsgruppe (Name)]]></key><values><value><![CDATA[Merkmal mit Gruppe (Webshop)]]></value></values></attribute><attribute><key><![CDATA[Stein]]></key><values><value><![CDATA[1234]]></value></values></attribute><attribute><key><![CDATA[vendor]]></key><values><value><![CDATA[My HUNDE design]]></value></values></attribute><attribute><key><![CDATA[free7]]></key><values><value><![CDATA[0]]></value></values></attribute><attribute><key><![CDATA[free8]]></key><values><value><![CDATA[0]]></value></values></attribute><attribute><key><![CDATA[free9]]></key><values><value><![CDATA[0]]></value></values></attribute><attribute><key><![CDATA[free10]]></key><values><value><![CDATA[0]]></value></values></attribute><attribute><key><![CDATA[free11]]></key><values><value><![CDATA[0]]></value></values></attribute><attribute><key><![CDATA[free12]]></key><values><value><![CDATA[0]]></value></values></attribute><attribute><key><![CDATA[free13]]></key><values><value><![CDATA[0]]></value></values></attribute><attribute><key><![CDATA[free14]]></key><values><value><![CDATA[0]]></value></values></attribute><attribute><key><![CDATA[free15]]></key><values><value><![CDATA[0]]></value></values></attribute><attribute><key><![CDATA[free16]]></key><values><value><![CDATA[0]]></value></values></attribute><attribute><key><![CDATA[free17]]></key><values><value><![CDATA[0]]></value></values></attribute><attribute><key><![CDATA[free18]]></key><values><value><![CDATA[0]]></value></values></attribute><attribute><key><![CDATA[free19]]></key><values><value><![CDATA[0]]></value></values></attribute><attribute><key><![CDATA[free20]]></key><values><value><![CDATA[0]]></value></values></attribute></attributes></allAttributes><allImages><images><image><![CDATA[https://cdn02.plentymarkets.com/1vtro1y3gmyy/item/images/119/middle/119-Relaxsessel-Woddenfir.jpg]]></image></images></allImages><groups><group><![CDATA[0_]]></group></groups><variants/></item><item id="120"><names><name><![CDATA[Plastic Swing]]></name></names><summaries/><descriptions><description><![CDATA[<p>Organisch geformte&nbsp;Kunststoff-Sitzschale mit&nbsp;pulverbeschichtetem Drahtuntergestell und Kufen aus Echtholz.</p>]]></description></descriptions><prices><price><![CDATA[250]]></price></prices><overriddenPrices><overriddenPrice><![CDATA[0]]></overriddenPrice></overriddenPrices><urls><url><![CDATA[https://plenty.findologic.io/wohnzimmer/sessel-sofas/schaukelstuhl-bronx/a-120]]></url></urls><bonuses/><salesFrequencies><salesFrequency><![CDATA[0]]></salesFrequency></salesFrequencies><dateAddeds><dateAdded><![CDATA[2014-01-13T00:00:00+01:00]]></dateAdded></dateAddeds><sorts/><allKeywords/><allOrdernumbers><ordernumbers><ordernumber><![CDATA[NEW-14]]></ordernumber><ordernumber><![CDATA[1018]]></ordernumber><ordernumber><![CDATA[120]]></ordernumber></ordernumbers></allOrdernumbers><visibilities/><allProperties><properties><property><key><![CDATA[base_unit]]></key><value><![CDATA[Stück]]></value></property><property><key><![CDATA[package_size]]></key><value><![CDATA[1]]></value></property><property><key><![CDATA[variation_id]]></key><value><![CDATA[1018]]></value></property><property><key><![CDATA[price_id]]></key><value><![CDATA[1]]></value></property></properties></allProperties><allAttributes><attributes><attribute><key><![CDATA[cat]]></key><values><value><![CDATA[Raum_Sessel & Hocker]]></value></values></attribute><attribute><key><![CDATA[cat_url]]></key><values><value><![CDATA[/raum/sessel-hocker/]]></value></values></attribute><attribute><key><![CDATA[Merkmalsgruppe (Name)]]></key><values><value><![CDATA[Merkmal mit Gruppe (Webshop)]]></value></values></attribute><attribute><key><![CDATA[vendor]]></key><values><value><![CDATA[My HUNDE design]]></value></values></attribute><attribute><key><![CDATA[free7]]></key><values><value><![CDATA[0]]></value></values></attribute><attribute><key><![CDATA[free8]]></key><values><value><![CDATA[0]]></value></values></attribute><attribute><key><![CDATA[free9]]></key><values><value><![CDATA[0]]></value></values></attribute><attribute><key><![CDATA[free10]]></key><values><value><![CDATA[0]]></value></values></attribute><attribute><key><![CDATA[free11]]></key><values><value><![CDATA[0]]></value></values></attribute><attribute><key><![CDATA[free12]]></key><values><value><![CDATA[0]]></value></values></attribute><attribute><key><![CDATA[free13]]></key><values><value><![CDATA[0]]></value></values></attribute><attribute><key><![CDATA[free14]]></key><values><value><![CDATA[0]]></value></values></attribute><attribute><key><![CDATA[free15]]></key><values><value><![CDATA[0]]></value></values></attribute><attribute><key><![CDATA[free16]]></key><values><value><![CDATA[0]]></value></values></attribute><attribute><key><![CDATA[free17]]></key><values><value><![CDATA[0]]></value></values></attribute><attribute><key><![CDATA[free18]]></key><values><value><![CDATA[0]]></value></values></attribute><attribute><key><![CDATA[free19]]></key><values><value><![CDATA[0]]></value></values></attribute><attribute><key><![CDATA[free20]]></key><values><value><![CDATA[0]]></value></values></attribute></attributes></allAttributes><allImages><images><image><![CDATA[https://cdn02.plentymarkets.com/1vtro1y3gmyy/item/images/120/middle/120-Schaukelstuhl-Bronx.jpg]]></image></images></allImages><groups><group><![CDATA[0_]]></group></groups><variants/></item><item id="122"><names><name><![CDATA[Sessel AfterWork]]></name></names><summaries/><descriptions><description><![CDATA[<p>Wer Wert auf Entspannung und klare Strukturen Wert legt, ist mit diesem Sessel optimal aufgestellt. Der Sessel bietet viel Platz zum Lesen, Relaxen und Entspannen, gepaart mit einer stilvollen Optik. Die verchromten Standfüße wirken in Verbindung mit dem hochwertigen Kunstleder sehr edel.</p>]]></description></descriptions><prices><price><![CDATA[149]]></price></prices><overriddenPrices><overriddenPrice><![CDATA[199]]></overriddenPrice></overriddenPrices><urls><url><![CDATA[https://plenty.findologic.io/wohnzimmer/sessel-hocker/sessel-afterwork/a-122]]></url></urls><bonuses/><salesFrequencies><salesFrequency><![CDATA[0]]></salesFrequency></salesFrequencies><dateAddeds><dateAdded><![CDATA[2014-01-13T00:00:00+01:00]]></dateAdded></dateAddeds><sorts/><allKeywords/><allOrdernumbers><ordernumbers><ordernumber><![CDATA[NEW-50]]></ordernumber><ordernumber><![CDATA[1081]]></ordernumber><ordernumber><![CDATA[122]]></ordernumber><ordernumber><![CDATA[NEW-16]]></ordernumber><ordernumber><![CDATA[1020]]></ordernumber></ordernumbers></allOrdernumbers><visibilities/><allProperties><properties><property><key><![CDATA[base_unit]]></key><value><![CDATA[Stück]]></value></property><property><key><![CDATA[package_size]]></key><value><![CDATA[1]]></value></property><property><key><![CDATA[variation_id]]></key><value><![CDATA[1081]]></value></property><property><key><![CDATA[price_id]]></key><value><![CDATA[1]]></value></property></properties></allProperties><allAttributes><attributes><attribute><key><![CDATA[cat]]></key><values><value><![CDATA[Raum_Sessel & Hocker]]></value></values></attribute><attribute><key><![CDATA[cat_url]]></key><values><value><![CDATA[/raum/sessel-hocker/]]></value></values></attribute><attribute><key><![CDATA[Farbe]]></key><values><value><![CDATA[lila]]></value></values></attribute><attribute><key><![CDATA[Färbchen]]></key><values><value><![CDATA[blauisch]]></value></values></attribute><attribute><key><![CDATA[Merkmalsgruppe (Name)]]></key><values><value><![CDATA[Merkmal mit Gruppe (Webshop)]]></value></values></attribute><attribute><key><![CDATA[vendor]]></key><values><value><![CDATA[Exclusive Leather]]></value></values></attribute><attribute><key><![CDATA[free7]]></key><values><value><![CDATA[0]]></value></values></attribute><attribute><key><![CDATA[free8]]></key><values><value><![CDATA[0]]></value></values></attribute><attribute><key><![CDATA[free9]]></key><values><value><![CDATA[0]]></value></values></attribute><attribute><key><![CDATA[free10]]></key><values><value><![CDATA[0]]></value></values></attribute><attribute><key><![CDATA[free11]]></key><values><value><![CDATA[0]]></value></values></attribute><attribute><key><![CDATA[free12]]></key><values><value><![CDATA[0]]></value></values></attribute><attribute><key><![CDATA[free13]]></key><values><value><![CDATA[0]]></value></values></attribute><attribute><key><![CDATA[free14]]></key><values><value><![CDATA[0]]></value></values></attribute><attribute><key><![CDATA[free15]]></key><values><value><![CDATA[0]]></value></values></attribute><attribute><key><![CDATA[free16]]></key><values><value><![CDATA[0]]></value></values></attribute><attribute><key><![CDATA[free17]]></key><values><value><![CDATA[0]]></value></values></attribute><attribute><key><![CDATA[free18]]></key><values><value><![CDATA[0]]></value></values></attribute><attribute><key><![CDATA[free19]]></key><values><value><![CDATA[0]]></value></values></attribute><attribute><key><![CDATA[free20]]></key><values><value><![CDATA[0]]></value></values></attribute></attributes></allAttributes><allImages><images><image><![CDATA[https://cdn02.plentymarkets.com/1vtro1y3gmyy/item/images/122/middle/122-Sessel-AfterWork.jpg]]></image></images></allImages><groups><group><![CDATA[0_]]></group><group><![CDATA[0_]]></group></groups><variants/></item><item id="123"><names><name><![CDATA[Sessel Floating Water]]></name></names><summaries/><descriptions><description><![CDATA[<p>Inspiriert durch fließendes Wasser wurde dieser Sessel gestaltet. Ausgezeichnete Verarbeitung, individuelles Design, Chromelemente in Hochglanz. Das sind nur einige der besonderen Merkmale, die diesen Sessel auszeichnen. Die fünf Standfüße unter dem 360° drehbaren Oberteil sorgen immer für Überblick.</p>]]></description></descriptions><prices><price><![CDATA[299]]></price></prices><overriddenPrices><overriddenPrice><![CDATA[0]]></overriddenPrice></overriddenPrices><urls><url><![CDATA[https://plenty.findologic.io/wohnzimmer/sessel-hocker/sessel-floating-water/a-123]]></url></urls><bonuses/><salesFrequencies><salesFrequency><![CDATA[0]]></salesFrequency></salesFrequencies><dateAddeds><dateAdded><![CDATA[2014-01-13T00:00:00+01:00]]></dateAdded></dateAddeds><sorts/><allKeywords/><allOrdernumbers><ordernumbers><ordernumber><![CDATA[NEW-17]]></ordernumber><ordernumber><![CDATA[1021]]></ordernumber><ordernumber><![CDATA[123]]></ordernumber></ordernumbers></allOrdernumbers><visibilities/><allProperties><properties><property><key><![CDATA[base_unit]]></key><value><![CDATA[Stück]]></value></property><property><key><![CDATA[package_size]]></key><value><![CDATA[1]]></value></property><property><key><![CDATA[variation_id]]></key><value><![CDATA[1021]]></value></property><property><key><![CDATA[price_id]]></key><value><![CDATA[1]]></value></property></properties></allProperties><allAttributes><attributes><attribute><key><![CDATA[cat]]></key><values><value><![CDATA[Raum_Sessel & Hocker]]></value></values></attribute><attribute><key><![CDATA[cat_url]]></key><values><value><![CDATA[/raum/sessel-hocker/]]></value></values></attribute><attribute><key><![CDATA[Merkmalsgruppe (Name)]]></key><values><value><![CDATA[Merkmal mit Gruppe (Webshop)]]></value></values></attribute><attribute><key><![CDATA[vendor]]></key><values><value><![CDATA[My HUNDE design]]></value></values></attribute><attribute><key><![CDATA[free7]]></key><values><value><![CDATA[0]]></value></values></attribute><attribute><key><![CDATA[free8]]></key><values><value><![CDATA[0]]></value></values></attribute><attribute><key><![CDATA[free9]]></key><values><value><![CDATA[0]]></value></values></attribute><attribute><key><![CDATA[free10]]></key><values><value><![CDATA[0]]></value></values></attribute><attribute><key><![CDATA[free11]]></key><values><value><![CDATA[0]]></value></values></attribute><attribute><key><![CDATA[free12]]></key><values><value><![CDATA[0]]></value></values></attribute><attribute><key><![CDATA[free13]]></key><values><value><![CDATA[0]]></value></values></attribute><attribute><key><![CDATA[free14]]></key><values><value><![CDATA[0]]></value></values></attribute><attribute><key><![CDATA[free15]]></key><values><value><![CDATA[0]]></value></values></attribute><attribute><key><![CDATA[free16]]></key><values><value><![CDATA[0]]></value></values></attribute><attribute><key><![CDATA[free17]]></key><values><value><![CDATA[0]]></value></values></attribute><attribute><key><![CDATA[free18]]></key><values><value><![CDATA[0]]></value></values></attribute><attribute><key><![CDATA[free19]]></key><values><value><![CDATA[0]]></value></values></attribute><attribute><key><![CDATA[free20]]></key><values><value><![CDATA[0]]></value></values></attribute></attributes></allAttributes><allImages><images><image><![CDATA[https://cdn02.plentymarkets.com/1vtro1y3gmyy/item/images/123/middle/123-Sessel-Floating-Water.jpg]]></image></images></allImages><groups><group><![CDATA[0_]]></group></groups><variants/></item><item id="124"><names><name><![CDATA[Sessel King George]]></name></names><summaries/><descriptions><description><![CDATA[<p>So muss wohl King George persönlich gesessen haben. Dieses elegant anmutende Sitzmöbel bietet Luxus für Jedermann. Das hervorragende Kunstleder in dunklem Rot bietet Ihnen Sitzen auf höchstem Niveau. Die extrem weich gepolsterte Sitzfläche lässt Sie ins Träumen geraten. Die abgerundeten Linien schmeicheln dem Auge.</p>]]></description></descriptions><prices><price><![CDATA[222]]></price></prices><overriddenPrices><overriddenPrice><![CDATA[0]]></overriddenPrice></overriddenPrices><urls><url><![CDATA[https://plenty.findologic.io/wohnzimmer/sessel-sofas/sessel-king-george/a-124]]></url></urls><bonuses/><salesFrequencies><salesFrequency><![CDATA[0]]></salesFrequency></salesFrequencies><dateAddeds><dateAdded><![CDATA[2014-01-13T00:00:00+01:00]]></dateAdded></dateAddeds><sorts/><allKeywords/><allOrdernumbers><ordernumbers><ordernumber><![CDATA[NEW-18]]></ordernumber><ordernumber><![CDATA[1022]]></ordernumber><ordernumber><![CDATA[124]]></ordernumber></ordernumbers></allOrdernumbers><visibilities/><allProperties><properties><property><key><![CDATA[base_unit]]></key><value><![CDATA[Stück]]></value></property><property><key><![CDATA[package_size]]></key><value><![CDATA[1]]></value></property><property><key><![CDATA[variation_id]]></key><value><![CDATA[1022]]></value></property><property><key><![CDATA[price_id]]></key><value><![CDATA[1]]></value></property></properties></allProperties><allAttributes><attributes><attribute><key><![CDATA[cat]]></key><values><value><![CDATA[Raum_Sessel & Hocker]]></value></values></attribute><attribute><key><![CDATA[cat_url]]></key><values><value><![CDATA[/raum/sessel-hocker/]]></value></values></attribute><attribute><key><![CDATA[Merkmalsgruppe (Name)]]></key><values><value><![CDATA[Merkmal mit Gruppe (Webshop)]]></value></values></attribute><attribute><key><![CDATA[vendor]]></key><values><value><![CDATA[Exclusive Leather]]></value></values></attribute><attribute><key><![CDATA[free7]]></key><values><value><![CDATA[0]]></value></values></attribute><attribute><key><![CDATA[free8]]></key><values><value><![CDATA[0]]></value></values></attribute><attribute><key><![CDATA[free9]]></key><values><value><![CDATA[0]]></value></values></attribute><attribute><key><![CDATA[free10]]></key><values><value><![CDATA[0]]></value></values></attribute><attribute><key><![CDATA[free11]]></key><values><value><![CDATA[0]]></value></values></attribute><attribute><key><![CDATA[free12]]></key><values><value><![CDATA[0]]></value></values></attribute><attribute><key><![CDATA[free13]]></key><values><value><![CDATA[0]]></value></values></attribute><attribute><key><![CDATA[free14]]></key><values><value><![CDATA[0]]></value></values></attribute><attribute><key><![CDATA[free15]]></key><values><value><![CDATA[0]]></value></values></attribute><attribute><key><![CDATA[free16]]></key><values><value><![CDATA[0]]></value></values></attribute><attribute><key><![CDATA[free17]]></key><values><value><![CDATA[0]]></value></values></attribute><attribute><key><![CDATA[free18]]></key><values><value><![CDATA[0]]></value></values></attribute><attribute><key><![CDATA[free19]]></key><values><value><![CDATA[0]]></value></values></attribute><attribute><key><![CDATA[free20]]></key><values><value><![CDATA[0]]></value></values></attribute></attributes></allAttributes><allImages><images><image><![CDATA[https://cdn02.plentymarkets.com/1vtro1y3gmyy/item/images/124/middle/124-Sessel-King-George.jpg]]></image></images></allImages><groups><group><![CDATA[0_]]></group></groups><variants/></item><item id="125"><names><name><![CDATA[Sessel RedLabel]]></name></names><summaries/><descriptions><description><![CDATA[<p>Auf den ersten Blick erinnert dieser Sessel an einen einfachen Würfel. Allerdings bietet er viel mehr! Klare Formen und Linien sorgen für zeitlose Schönheit. Ein absolutes Muss für Jedermann.</p>

<ul>
	<li>Schaumstoffdichte: Sitzfläche 28 kg/m³, Rückenlehne 28 kg/m³</li>
	<li>Sitzhärte: Medium Breite 65 cm</li>
	<li>Höhe: 75 cm</li>
	<li>Tiefe: 58 cm</li>
	<li>Gewicht: 15 kg</li>
	<li>Sitzhöhe: 38 cm</li>
</ul>]]></description></descriptions><prices><price><![CDATA[169]]></price></prices><overriddenPrices><overriddenPrice><![CDATA[0]]></overriddenPrice></overriddenPrices><urls><url><![CDATA[https://plenty.findologic.io/wohnzimmer/sessel-hocker/sessel-redlabel/a-125]]></url></urls><bonuses/><salesFrequencies><salesFrequency><![CDATA[0]]></salesFrequency></salesFrequencies><dateAddeds><dateAdded><![CDATA[2014-01-13T00:00:00+01:00]]></dateAdded></dateAddeds><sorts/><allKeywords/><allOrdernumbers><ordernumbers><ordernumber><![CDATA[NEW-19]]></ordernumber><ordernumber><![CDATA[1023]]></ordernumber><ordernumber><![CDATA[125]]></ordernumber></ordernumbers></allOrdernumbers><visibilities/><allProperties><properties><property><key><![CDATA[base_unit]]></key><value><![CDATA[Stück]]></value></property><property><key><![CDATA[package_size]]></key><value><![CDATA[1]]></value></property><property><key><![CDATA[variation_id]]></key><value><![CDATA[1023]]></value></property><property><key><![CDATA[price_id]]></key><value><![CDATA[1]]></value></property></properties></allProperties><allAttributes><attributes><attribute><key><![CDATA[cat]]></key><values><value><![CDATA[Raum_Sessel & Hocker]]></value></values></attribute><attribute><key><![CDATA[cat_url]]></key><values><value><![CDATA[/raum/sessel-hocker/]]></value></values></attribute><attribute><key><![CDATA[Merkmalsgruppe (Name)]]></key><values><value><![CDATA[Merkmal mit Gruppe (Webshop)]]></value></values></attribute><attribute><key><![CDATA[vendor]]></key><values><value><![CDATA[My HUNDE design]]></value></values></attribute><attribute><key><![CDATA[free7]]></key><values><value><![CDATA[0]]></value></values></attribute><attribute><key><![CDATA[free8]]></key><values><value><![CDATA[0]]></value></values></attribute><attribute><key><![CDATA[free9]]></key><values><value><![CDATA[0]]></value></values></attribute><attribute><key><![CDATA[free10]]></key><values><value><![CDATA[0]]></value></values></attribute><attribute><key><![CDATA[free11]]></key><values><value><![CDATA[0]]></value></values></attribute><attribute><key><![CDATA[free12]]></key><values><value><![CDATA[0]]></value></values></attribute><attribute><key><![CDATA[free13]]></key><values><value><![CDATA[0]]></value></values></attribute><attribute><key><![CDATA[free14]]></key><values><value><![CDATA[0]]></value></values></attribute><attribute><key><![CDATA[free15]]></key><values><value><![CDATA[0]]></value></values></attribute><attribute><key><![CDATA[free16]]></key><values><value><![CDATA[0]]></value></values></attribute><attribute><key><![CDATA[free17]]></key><values><value><![CDATA[0]]></value></values></attribute><attribute><key><![CDATA[free18]]></key><values><value><![CDATA[0]]></value></values></attribute><attribute><key><![CDATA[free19]]></key><values><value><![CDATA[0]]></value></values></attribute><attribute><key><![CDATA[free20]]></key><values><value><![CDATA[0]]></value></values></attribute></attributes></allAttributes><allImages><images><image><![CDATA[https://cdn02.plentymarkets.com/1vtro1y3gmyy/item/images/125/middle/125-Sessel-RedLabel.jpg]]></image></images></allImages><groups><group><![CDATA[0_]]></group></groups><variants/></item><item id="128"><names><name><![CDATA[Sofa Creme Classicline]]></name></names><summaries/><descriptions><description><![CDATA[<p>Der Klassiker unter den Sofas! Einfach, schlicht, funktional. Dieser Klassiker überzeugt durch seine schönen Formen und den langlebigen, sowie bequemen Stoffbezug.</p>

<ul>
	<li>Bezug: Stoff (64% Baumwolle &amp; 36% Leinen)</li>
	<li>Polsterung Sitzfläche, Rücken &amp; Rahmen: Federkern, atmungsaktiver Polyätherschaum</li>
	<li>Gestell: Hartholz (Birke)</li>
	<li>Farbe: Creme</li>
	<li>Füße: Holz</li>
</ul>]]></description></descriptions><prices><price><![CDATA[269]]></price></prices><overriddenPrices><overriddenPrice><![CDATA[0]]></overriddenPrice></overriddenPrices><urls><url><![CDATA[https://plenty.findologic.io/wohnzimmer/sofas/sofa-creme-classicline/a-128]]></url></urls><bonuses/><salesFrequencies><salesFrequency><![CDATA[0]]></salesFrequency></salesFrequencies><dateAddeds><dateAdded><![CDATA[2014-01-13T00:00:00+01:00]]></dateAdded></dateAddeds><sorts/><allKeywords/><allOrdernumbers><ordernumbers><ordernumber><![CDATA[NEW-22]]></ordernumber><ordernumber><![CDATA[1026]]></ordernumber><ordernumber><![CDATA[128]]></ordernumber></ordernumbers></allOrdernumbers><visibilities/><allProperties><properties><property><key><![CDATA[base_unit]]></key><value><![CDATA[Stück]]></value></property><property><key><![CDATA[package_size]]></key><value><![CDATA[1]]></value></property><property><key><![CDATA[variation_id]]></key><value><![CDATA[1026]]></value></property><property><key><![CDATA[price_id]]></key><value><![CDATA[1]]></value></property></properties></allProperties><allAttributes><attributes><attribute><key><![CDATA[cat]]></key><values><value><![CDATA[Raum_Sofas]]></value></values></attribute><attribute><key><![CDATA[cat_url]]></key><values><value><![CDATA[/raum/sofas/]]></value></values></attribute><attribute><key><![CDATA[Merkmalsgruppe (Name)]]></key><values><value><![CDATA[Merkmal mit Gruppe (Webshop)]]></value></values></attribute><attribute><key><![CDATA[vendor]]></key><values><value><![CDATA[My HUNDE design]]></value></values></attribute><attribute><key><![CDATA[free7]]></key><values><value><![CDATA[0]]></value></values></attribute><attribute><key><![CDATA[free8]]></key><values><value><![CDATA[0]]></value></values></attribute><attribute><key><![CDATA[free9]]></key><values><value><![CDATA[0]]></value></values></attribute><attribute><key><![CDATA[free10]]></key><values><value><![CDATA[0]]></value></values></attribute><attribute><key><![CDATA[free11]]></key><values><value><![CDATA[0]]></value></values></attribute><attribute><key><![CDATA[free12]]></key><values><value><![CDATA[0]]></value></values></attribute><attribute><key><![CDATA[free13]]></key><values><value><![CDATA[0]]></value></values></attribute><attribute><key><![CDATA[free14]]></key><values><value><![CDATA[0]]></value></values></attribute><attribute><key><![CDATA[free15]]></key><values><value><![CDATA[0]]></value></values></attribute><attribute><key><![CDATA[free16]]></key><values><value><![CDATA[0]]></value></values></attribute><attribute><key><![CDATA[free17]]></key><values><value><![CDATA[0]]></value></values></attribute><attribute><key><![CDATA[free18]]></key><values><value><![CDATA[0]]></value></values></attribute><attribute><key><![CDATA[free19]]></key><values><value><![CDATA[0]]></value></values></attribute><attribute><key><![CDATA[free20]]></key><values><value><![CDATA[0]]></value></values></attribute></attributes></allAttributes><allImages><images><image><![CDATA[https://cdn02.plentymarkets.com/1vtro1y3gmyy/item/images/128/middle/128-Sofa-Creme-Classicline.jpg]]></image></images></allImages><groups><group><![CDATA[0_]]></group></groups><variants/></item><item id="129"><names><name><![CDATA[Zweisitzer Color Pop]]></name></names><summaries/><descriptions><description><![CDATA[Dieser klassische Zweisitzer ist nicht nur besonders bequem, sondern bringt auch jede Menge Farbe in Ihr Wohnzimmer. Dank des Korpus mit Bezug aus strapazierfähiger grauer Baumwolle kommen die sechs farbenfrohen Kissen besonders gut zur Geltung. Die Füße aus verchromtem Metall setzen edle Akzente. Auch an Komfort und Bequemlichkeit wurde nicht gespart – damit einem gemütlichen Fernsehabend nichts mehr im Wege steht.]]></description></descriptions><prices><price><![CDATA[740]]></price></prices><overriddenPrices><overriddenPrice><![CDATA[0]]></overriddenPrice></overriddenPrices><urls><url><![CDATA[https://plenty.findologic.io/wohnzimmer/sofas/zweisitzer-color-pop/a-129]]></url></urls><bonuses/><salesFrequencies><salesFrequency><![CDATA[0]]></salesFrequency></salesFrequencies><dateAddeds><dateAdded><![CDATA[2014-01-14T00:00:00+01:00]]></dateAdded></dateAddeds><sorts/><allKeywords/><allOrdernumbers><ordernumbers><ordernumber><![CDATA[NEW-23]]></ordernumber><ordernumber><![CDATA[1027]]></ordernumber><ordernumber><![CDATA[129]]></ordernumber></ordernumbers></allOrdernumbers><visibilities/><allProperties><properties><property><key><![CDATA[base_unit]]></key><value><![CDATA[Stück]]></value></property><property><key><![CDATA[package_size]]></key><value><![CDATA[1]]></value></property><property><key><![CDATA[variation_id]]></key><value><![CDATA[1027]]></value></property><property><key><![CDATA[price_id]]></key><value><![CDATA[1]]></value></property></properties></allProperties><allAttributes><attributes><attribute><key><![CDATA[cat]]></key><values><value><![CDATA[Raum_Sofas]]></value></values></attribute><attribute><key><![CDATA[cat_url]]></key><values><value><![CDATA[/raum/sofas/]]></value></values></attribute><attribute><key><![CDATA[My Numbers]]></key><values><value><![CDATA[-7]]></value></values></attribute><attribute><key><![CDATA[Merkmalsgruppe (Name)]]></key><values><value><![CDATA[Merkmal mit Gruppe (Webshop)]]></value></values></attribute><attribute><key><![CDATA[vendor]]></key><values><value><![CDATA[My HUNDE design]]></value></values></attribute><attribute><key><![CDATA[free7]]></key><values><value><![CDATA[0]]></value></values></attribute><attribute><key><![CDATA[free8]]></key><values><value><![CDATA[0]]></value></values></attribute><attribute><key><![CDATA[free9]]></key><values><value><![CDATA[0]]></value></values></attribute><attribute><key><![CDATA[free10]]></key><values><value><![CDATA[0]]></value></values></attribute><attribute><key><![CDATA[free11]]></key><values><value><![CDATA[0]]></value></values></attribute><attribute><key><![CDATA[free12]]></key><values><value><![CDATA[0]]></value></values></attribute><attribute><key><![CDATA[free13]]></key><values><value><![CDATA[0]]></value></values></attribute><attribute><key><![CDATA[free14]]></key><values><value><![CDATA[0]]></value></values></attribute><attribute><key><![CDATA[free15]]></key><values><value><![CDATA[0]]></value></values></attribute><attribute><key><![CDATA[free16]]></key><values><value><![CDATA[0]]></value></values></attribute><attribute><key><![CDATA[free17]]></key><values><value><![CDATA[0]]></value></values></attribute><attribute><key><![CDATA[free18]]></key><values><value><![CDATA[0]]></value></values></attribute><attribute><key><![CDATA[free19]]></key><values><value><![CDATA[0]]></value></values></attribute><attribute><key><![CDATA[free20]]></key><values><value><![CDATA[0]]></value></values></attribute></attributes></allAttributes><allImages><images><image><![CDATA[https://cdn02.plentymarkets.com/1vtro1y3gmyy/item/images/129/middle/129-Zweisitzer-Color-Pop.jpg]]></image></images></allImages><groups><group><![CDATA[0_]]></group></groups><variants/></item><item id="130"><names><name><![CDATA[Ledersessel Berlin Calling]]></name></names><summaries/><descriptions><description><![CDATA[Dieser Sessel ist ein echter Hingucker. Das Retrodesign ist nicht nur originell, sondern auch ganz auf entspannte Bequemlichkeit ausgelegt. Er lässt sich um 360° drehen, damit Sie immer alles im Blick haben. Das Vollleder ist abwaschbar und äußerst strapazierfähig.]]></description></descriptions><prices><price><![CDATA[890]]></price></prices><overriddenPrices><overriddenPrice><![CDATA[0]]></overriddenPrice></overriddenPrices><urls><url><![CDATA[https://plenty.findologic.io/wohnzimmer/sessel-hocker/ledersessel-berlin-calling/a-130]]></url></urls><bonuses/><salesFrequencies><salesFrequency><![CDATA[0]]></salesFrequency></salesFrequencies><dateAddeds><dateAdded><![CDATA[2014-01-14T00:00:00+01:00]]></dateAdded></dateAddeds><sorts/><allKeywords/><allOrdernumbers><ordernumbers><ordernumber><![CDATA[NEW-24]]></ordernumber><ordernumber><![CDATA[1028]]></ordernumber><ordernumber><![CDATA[130]]></ordernumber></ordernumbers></allOrdernumbers><visibilities/><allProperties><properties><property><key><![CDATA[base_unit]]></key><value><![CDATA[Stück]]></value></property><property><key><![CDATA[package_size]]></key><value><![CDATA[1]]></value></property><property><key><![CDATA[variation_id]]></key><value><![CDATA[1028]]></value></property><property><key><![CDATA[price_id]]></key><value><![CDATA[1]]></value></property></properties></allProperties><allAttributes><attributes><attribute><key><![CDATA[cat]]></key><values><value><![CDATA[Raum_Sessel & Hocker]]></value></values></attribute><attribute><key><![CDATA[cat_url]]></key><values><value><![CDATA[/raum/sessel-hocker/]]></value></values></attribute><attribute><key><![CDATA[Merkmalsgruppe (Name)]]></key><values><value><![CDATA[Merkmal mit Gruppe (Webshop)]]></value></values></attribute><attribute><key><![CDATA[vendor]]></key><values><value><![CDATA[Exclusive Leather]]></value></values></attribute><attribute><key><![CDATA[free7]]></key><values><value><![CDATA[0]]></value></values></attribute><attribute><key><![CDATA[free8]]></key><values><value><![CDATA[0]]></value></values></attribute><attribute><key><![CDATA[free9]]></key><values><value><![CDATA[0]]></value></values></attribute><attribute><key><![CDATA[free10]]></key><values><value><![CDATA[0]]></value></values></attribute><attribute><key><![CDATA[free11]]></key><values><value><![CDATA[0]]></value></values></attribute><attribute><key><![CDATA[free12]]></key><values><value><![CDATA[0]]></value></values></attribute><attribute><key><![CDATA[free13]]></key><values><value><![CDATA[0]]></value></values></attribute><attribute><key><![CDATA[free14]]></key><values><value><![CDATA[0]]></value></values></attribute><attribute><key><![CDATA[free15]]></key><values><value><![CDATA[0]]></value></values></attribute><attribute><key><![CDATA[free16]]></key><values><value><![CDATA[0]]></value></values></attribute><attribute><key><![CDATA[free17]]></key><values><value><![CDATA[0]]></value></values></attribute><attribute><key><![CDATA[free18]]></key><values><value><![CDATA[0]]></value></values></attribute><attribute><key><![CDATA[free19]]></key><values><value><![CDATA[0]]></value></values></attribute><attribute><key><![CDATA[free20]]></key><values><value><![CDATA[0]]></value></values></attribute></attributes></allAttributes><allImages><images><image><![CDATA[https://cdn02.plentymarkets.com/1vtro1y3gmyy/item/images/130/middle/130-Ledersessel-Berlin-Calling-1.jpg]]></image></images></allImages><groups><group><![CDATA[0_]]></group></groups><variants/></item><item id="131"><names><name><![CDATA[Zweisitzer Amsterdam at Dawn]]></name></names><summaries/><descriptions><description><![CDATA[<p>Das schlichte und doch elegante Design unseres Zweisitzers Amsterdam at Dawn spricht für sich. Es bietet jede Menge Komfort, damit lange Fernsehabende noch mehr Spaß machen. Die Standfüße aus verchromtem Metall setzen interessante und doch charmant unaufdringliche Akzente. Dieses Sofa ist ein echter Klassiker, an dem Sie dank des hochwertigen und besonders strapazierfähigen Leders viele Jahre Freude haben werden.</p>]]></description></descriptions><prices><price><![CDATA[1900]]></price></prices><overriddenPrices><overriddenPrice><![CDATA[0]]></overriddenPrice></overriddenPrices><urls><url><![CDATA[https://plenty.findologic.io/wohnzimmer/sofas/zweisitzer-amsterdam-at-dawn/a-131]]></url></urls><bonuses/><salesFrequencies><salesFrequency><![CDATA[0]]></salesFrequency></salesFrequencies><dateAddeds><dateAdded><![CDATA[2014-01-14T00:00:00+01:00]]></dateAdded></dateAddeds><sorts/><allKeywords/><allOrdernumbers><ordernumbers><ordernumber><![CDATA[NEW-30]]></ordernumber><ordernumber><![CDATA[1063]]></ordernumber><ordernumber><![CDATA[131]]></ordernumber><ordernumber><![CDATA[NEW-31]]></ordernumber><ordernumber><![CDATA[1064]]></ordernumber></ordernumbers></allOrdernumbers><visibilities/><allProperties><properties><property><key><![CDATA[base_unit]]></key><value><![CDATA[Stück]]></value></property><property><key><![CDATA[package_size]]></key><value><![CDATA[1]]></value></property><property><key><![CDATA[variation_id]]></key><value><![CDATA[1063]]></value></property><property><key><![CDATA[price_id]]></key><value><![CDATA[1]]></value></property></properties></allProperties><allAttributes><attributes><attribute><key><![CDATA[cat]]></key><values><value><![CDATA[Raum_Sofas]]></value></values></attribute><attribute><key><![CDATA[cat_url]]></key><values><value><![CDATA[/raum/sofas/]]></value></values></attribute><attribute><key><![CDATA[Farbe]]></key><values><value><![CDATA[schwarz]]></value><value><![CDATA[lila]]></value></values></attribute><attribute><key><![CDATA[Merkmalsgruppe (Name)]]></key><values><value><![CDATA[Merkmal mit Gruppe (Webshop)]]></value></values></attribute><attribute><key><![CDATA[vendor]]></key><values><value><![CDATA[Exclusive Leather]]></value></values></attribute><attribute><key><![CDATA[free7]]></key><values><value><![CDATA[0]]></value></values></attribute><attribute><key><![CDATA[free8]]></key><values><value><![CDATA[0]]></value></values></attribute><attribute><key><![CDATA[free9]]></key><values><value><![CDATA[0]]></value></values></attribute><attribute><key><![CDATA[free10]]></key><values><value><![CDATA[0]]></value></values></attribute><attribute><key><![CDATA[free11]]></key><values><value><![CDATA[0]]></value></values></attribute><attribute><key><![CDATA[free12]]></key><values><value><![CDATA[0]]></value></values></attribute><attribute><key><![CDATA[free13]]></key><values><value><![CDATA[0]]></value></values></attribute><attribute><key><![CDATA[free14]]></key><values><value><![CDATA[0]]></value></values></attribute><attribute><key><![CDATA[free15]]></key><values><value><![CDATA[0]]></value></values></attribute><attribute><key><![CDATA[free16]]></key><values><value><![CDATA[0]]></value></values></attribute><attribute><key><![CDATA[free17]]></key><values><value><![CDATA[0]]></value></values></attribute><attribute><key><![CDATA[free18]]></key><values><value><![CDATA[0]]></value></values></attribute><attribute><key><![CDATA[free19]]></key><values><value><![CDATA[0]]></value></values></attribute><attribute><key><![CDATA[free20]]></key><values><value><![CDATA[0]]></value></values></attribute></attributes></allAttributes><allImages><images><image><![CDATA[https://cdn02.plentymarkets.com/1vtro1y3gmyy/item/images/131/middle/131-Zweisitzer-Amsterdam-at-Dawn-schwarz.jpg]]></image></images></allImages><groups><group><![CDATA[0_]]></group><group><![CDATA[0_]]></group></groups><variants/></item><item id="132"><names><name><![CDATA[Zweisitzer Paradise Now]]></name></names><summaries/><descriptions><description><![CDATA[<p>Der Zweisitzer Paradise Now kommt in schlichter und doch edler Optik daher. Das klassische Design mit moderner Silhouette macht in jedem Wohnzimmer eine gute Figur. Dank abwaschbarem und äußerst strapazierfähigem Glattleder können auch zum Beispiel schmutzige Kinderhände keinen dauerhaften Schaden anrichten. Standfüße aus Echtholz setzen warme, interessante Akzente.</p>]]></description></descriptions><prices><price><![CDATA[146.37]]></price></prices><overriddenPrices><overriddenPrice><![CDATA[0]]></overriddenPrice></overriddenPrices><urls><url><![CDATA[https://plenty.findologic.io/wohnzimmer/sofas/zweisitzer-paradise-now/a-132]]></url></urls><bonuses/><salesFrequencies><salesFrequency><![CDATA[0]]></salesFrequency></salesFrequencies><dateAddeds><dateAdded><![CDATA[2014-01-15T00:00:00+01:00]]></dateAdded></dateAddeds><sorts/><allKeywords/><allOrdernumbers><ordernumbers><ordernumber><![CDATA[NEW-32]]></ordernumber><ordernumber><![CDATA[1065]]></ordernumber><ordernumber><![CDATA[132]]></ordernumber><ordernumber><![CDATA[123]]></ordernumber><ordernumber><![CDATA[1]]></ordernumber><ordernumber><![CDATA[ABC]]></ordernumber><ordernumber><![CDATA[2]]></ordernumber><ordernumber><![CDATA[BLUBBERGURKEN]]></ordernumber><ordernumber><![CDATA[NEW-33]]></ordernumber><ordernumber><![CDATA[1066]]></ordernumber><ordernumber><![CDATA[456]]></ordernumber><ordernumber><![CDATA[DEF]]></ordernumber><ordernumber><![CDATA[BLUBB]]></ordernumber></ordernumbers></allOrdernumbers><visibilities/><allProperties><properties><property><key><![CDATA[base_unit]]></key><value><![CDATA[Stück]]></value></property><property><key><![CDATA[package_size]]></key><value><![CDATA[1]]></value></property><property><key><![CDATA[variation_id]]></key><value><![CDATA[1065]]></value></property><property><key><![CDATA[price_id]]></key><value><![CDATA[1]]></value></property></properties></allProperties><allAttributes><attributes><attribute><key><![CDATA[cat]]></key><values><value><![CDATA[Raum_Sofas]]></value></values></attribute><attribute><key><![CDATA[cat_url]]></key><values><value><![CDATA[/raum/sofas/]]></value></values></attribute><attribute><key><![CDATA[Farbe]]></key><values><value><![CDATA[rot]]></value><value><![CDATA[weiß]]></value></values></attribute><attribute><key><![CDATA[Merkmalsgruppe (Name)]]></key><values><value><![CDATA[Merkmal mit Gruppe (Webshop)]]></value></values></attribute><attribute><key><![CDATA[Merkmal ohne Gruppe (Webshop)]]></key><values><value><![CDATA[Blubbergurke]]></value></values></attribute><attribute><key><![CDATA[Stein]]></key><values><value><![CDATA[5]]></value></values></attribute><attribute><key><![CDATA[vendor]]></key><values><value><![CDATA[Exclusive Leather]]></value></values></attribute><attribute><key><![CDATA[free7]]></key><values><value><![CDATA[0]]></value></values></attribute><attribute><key><![CDATA[free8]]></key><values><value><![CDATA[0]]></value></values></attribute><attribute><key><![CDATA[free9]]></key><values><value><![CDATA[0]]></value></values></attribute><attribute><key><![CDATA[free10]]></key><values><value><![CDATA[0]]></value></values></attribute><attribute><key><![CDATA[free11]]></key><values><value><![CDATA[0]]></value></values></attribute><attribute><key><![CDATA[free12]]></key><values><value><![CDATA[0]]></value></values></attribute><attribute><key><![CDATA[free13]]></key><values><value><![CDATA[0]]></value></values></attribute><attribute><key><![CDATA[free14]]></key><values><value><![CDATA[0]]></value></values></attribute><attribute><key><![CDATA[free15]]></key><values><value><![CDATA[0]]></value></values></attribute><attribute><key><![CDATA[free16]]></key><values><value><![CDATA[0]]></value></values></attribute><attribute><key><![CDATA[free17]]></key><values><value><![CDATA[0]]></value></values></attribute><attribute><key><![CDATA[free18]]></key><values><value><![CDATA[0]]></value></values></attribute><attribute><key><![CDATA[free19]]></key><values><value><![CDATA[0]]></value></values></attribute><attribute><key><![CDATA[free20]]></key><values><value><![CDATA[0]]></value></values></attribute></attributes></allAttributes><allImages><images><image><![CDATA[https://cdn02.plentymarkets.com/1vtro1y3gmyy/item/images/132/middle/132-Zweisitzer-Paradise-Now-rot.jpg]]></image></images></allImages><groups><group><![CDATA[0_]]></group><group><![CDATA[0_]]></group></groups><variants/></item><item id="133"><names><name><![CDATA[Zweisitzer White Russian]]></name></names><summaries/><descriptions><description><![CDATA[<p>Das moderne, kühle Design dieser einzigartigen Couch mit Sitzfläche in Waffeloptik zieht garantiert in jedem Wohnzimmer die Blicke auf sich. Dabei geht sie auch bei Funktionalität und Bequemlichkeit keine Kompromisse ein. Die Füße aus mattiertem Metall sorgen für ideale Standfestigkeit, das strapazierfähige Glattleder ist selbstverständlich abwaschbar.</p>]]></description></descriptions><prices><price><![CDATA[2300]]></price></prices><overriddenPrices><overriddenPrice><![CDATA[0]]></overriddenPrice></overriddenPrices><urls><url><![CDATA[https://plenty.findologic.io/wohnzimmer/sofas/zweisitzer-white-russian/a-133]]></url></urls><bonuses/><salesFrequencies><salesFrequency><![CDATA[0]]></salesFrequency></salesFrequencies><dateAddeds><dateAdded><![CDATA[2014-01-15T00:00:00+01:00]]></dateAdded></dateAddeds><sorts/><allKeywords><keywords><keyword><![CDATA[Blubbergurke]]></keyword></keywords></allKeywords><allOrdernumbers><ordernumbers><ordernumber><![CDATA[NEW-27]]></ordernumber><ordernumber><![CDATA[1031]]></ordernumber><ordernumber><![CDATA[133]]></ordernumber></ordernumbers></allOrdernumbers><visibilities/><allProperties><properties><property><key><![CDATA[base_unit]]></key><value><![CDATA[Stück]]></value></property><property><key><![CDATA[package_size]]></key><value><![CDATA[1]]></value></property><property><key><![CDATA[variation_id]]></key><value><![CDATA[1031]]></value></property><property><key><![CDATA[price_id]]></key><value><![CDATA[1]]></value></property></properties></allProperties><allAttributes><attributes><attribute><key><![CDATA[cat]]></key><values><value><![CDATA[Raum_Sofas]]></value></values></attribute><attribute><key><![CDATA[cat_url]]></key><values><value><![CDATA[/raum/sofas/]]></value></values></attribute><attribute><key><![CDATA[cat_id]]></key><values><value><![CDATA[1]]></value></values></attribute><attribute><key><![CDATA[My Numbers]]></key><values><value><![CDATA[-15]]></value></values></attribute><attribute><key><![CDATA[Merkmalsgruppe (Name)]]></key><values><value><![CDATA[Merkmal mit Gruppe (Webshop)]]></value></values></attribute><attribute><key><![CDATA[vendor]]></key><values><value><![CDATA[Exclusive Leather]]></value></values></attribute><attribute><key><![CDATA[free7]]></key><values><value><![CDATA[0]]></value></values></attribute><attribute><key><![CDATA[free8]]></key><values><value><![CDATA[0]]></value></values></attribute><attribute><key><![CDATA[free9]]></key><values><value><![CDATA[0]]></value></values></attribute><attribute><key><![CDATA[free10]]></key><values><value><![CDATA[0]]></value></values></attribute><attribute><key><![CDATA[free11]]></key><values><value><![CDATA[0]]></value></values></attribute><attribute><key><![CDATA[free12]]></key><values><value><![CDATA[0]]></value></values></attribute><attribute><key><![CDATA[free13]]></key><values><value><![CDATA[0]]></value></values></attribute><attribute><key><![CDATA[free14]]></key><values><value><![CDATA[0]]></value></values></attribute><attribute><key><![CDATA[free15]]></key><values><value><![CDATA[0]]></value></values></attribute><attribute><key><![CDATA[free16]]></key><values><value><![CDATA[0]]></value></values></attribute><attribute><key><![CDATA[free17]]></key><values><value><![CDATA[0]]></value></values></attribute><attribute><key><![CDATA[free18]]></key><values><value><![CDATA[0]]></value></values></attribute><attribute><key><![CDATA[free19]]></key><values><value><![CDATA[0]]></value></values></attribute><attribute><key><![CDATA[free20]]></key><values><value><![CDATA[0]]></value></values></attribute></attributes></allAttributes><allImages><images><image><![CDATA[https://cdn02.plentymarkets.com/1vtro1y3gmyy/item/images/133/middle/133-Zweisitzer-White-Russian-1.jpg]]></image></images></allImages><groups><group><![CDATA[0_]]></group></groups><variants/></item><item id="134"><names><name><![CDATA[Couch Purple Dreams]]></name></names><summaries/><descriptions><description><![CDATA[Ob gemütlicher Fernsehabend oder Kaffeeklatsch mit den besten Freundinnen – mit der Couch Purple Dreams wird’s auf jeden Fall gemütlich. Sie bietet jede Menge Platz und Komfort und setzt dank der originellen Farbgestaltung auch visuell interessante Akzente. Der Baumwollbezug ist besonders strapazierfähig, die Standfüße in edler Holzoptik sorgen für festen Stand.]]></description></descriptions><prices><price><![CDATA[890]]></price></prices><overriddenPrices><overriddenPrice><![CDATA[0]]></overriddenPrice></overriddenPrices><urls><url><![CDATA[https://plenty.findologic.io/wohnzimmer/sofas/couch-purple-dreams/a-134]]></url></urls><bonuses/><salesFrequencies><salesFrequency><![CDATA[0]]></salesFrequency></salesFrequencies><dateAddeds><dateAdded><![CDATA[2014-01-15T00:00:00+01:00]]></dateAdded></dateAddeds><sorts/><allKeywords/><allOrdernumbers><ordernumbers><ordernumber><![CDATA[NEW-28]]></ordernumber><ordernumber><![CDATA[1032]]></ordernumber><ordernumber><![CDATA[134]]></ordernumber></ordernumbers></allOrdernumbers><visibilities/><allProperties><properties><property><key><![CDATA[base_unit]]></key><value><![CDATA[Stück]]></value></property><property><key><![CDATA[package_size]]></key><value><![CDATA[1]]></value></property><property><key><![CDATA[variation_id]]></key><value><![CDATA[1032]]></value></property><property><key><![CDATA[price_id]]></key><value><![CDATA[1]]></value></property></properties></allProperties><allAttributes><attributes><attribute><key><![CDATA[cat]]></key><values><value><![CDATA[Raum_Sofas]]></value></values></attribute><attribute><key><![CDATA[cat_url]]></key><values><value><![CDATA[/raum/sofas/]]></value></values></attribute><attribute><key><![CDATA[Merkmalsgruppe (Name)]]></key><values><value><![CDATA[Merkmal mit Gruppe (Webshop)]]></value></values></attribute><attribute><key><![CDATA[vendor]]></key><values><value><![CDATA[My HUNDE design]]></value></values></attribute><attribute><key><![CDATA[free7]]></key><values><value><![CDATA[0]]></value></values></attribute><attribute><key><![CDATA[free8]]></key><values><value><![CDATA[0]]></value></values></attribute><attribute><key><![CDATA[free9]]></key><values><value><![CDATA[0]]></value></values></attribute><attribute><key><![CDATA[free10]]></key><values><value><![CDATA[0]]></value></values></attribute><attribute><key><![CDATA[free11]]></key><values><value><![CDATA[0]]></value></values></attribute><attribute><key><![CDATA[free12]]></key><values><value><![CDATA[0]]></value></values></attribute><attribute><key><![CDATA[free13]]></key><values><value><![CDATA[0]]></value></values></attribute><attribute><key><![CDATA[free14]]></key><values><value><![CDATA[0]]></value></values></attribute><attribute><key><![CDATA[free15]]></key><values><value><![CDATA[0]]></value></values></attribute><attribute><key><![CDATA[free16]]></key><values><value><![CDATA[0]]></value></values></attribute><attribute><key><![CDATA[free17]]></key><values><value><![CDATA[0]]></value></values></attribute><attribute><key><![CDATA[free18]]></key><values><value><![CDATA[0]]></value></values></attribute><attribute><key><![CDATA[free19]]></key><values><value><![CDATA[0]]></value></values></attribute><attribute><key><![CDATA[free20]]></key><values><value><![CDATA[0]]></value></values></attribute></attributes></allAttributes><allImages><images><image><![CDATA[https://cdn02.plentymarkets.com/1vtro1y3gmyy/item/images/134/middle/134-Couch-Purple-Dreams.jpg]]></image></images></allImages><groups><group><![CDATA[0_]]></group></groups><variants/></item><item id="135"><names><name><![CDATA[Zweisitzer Red Carpet]]></name></names><summaries/><descriptions><description><![CDATA[Der Zweisitzer Red Carpet besticht durch klassisches und dennoch originelles Design. Das leuchtende Rot macht ihn in jedem Wohnzimmer zum Statement Piece. Die klassische Form ist absolut zeitlos. Das glänzende Kunstleder ist besonders strapazierfähig und kann bei Bedarf mit einem feuchten Tuch abgewischt werden.]]></description></descriptions><prices><price><![CDATA[730]]></price></prices><overriddenPrices><overriddenPrice><![CDATA[0]]></overriddenPrice></overriddenPrices><urls><url><![CDATA[https://plenty.findologic.io/wohnzimmer/sofas/zweisitzer-red-carpet/a-135]]></url></urls><bonuses/><salesFrequencies><salesFrequency><![CDATA[0]]></salesFrequency></salesFrequencies><dateAddeds><dateAdded><![CDATA[2014-01-15T00:00:00+01:00]]></dateAdded></dateAddeds><sorts/><allKeywords><keywords><keyword><![CDATA[Blubbergurke]]></keyword></keywords></allKeywords><allOrdernumbers><ordernumbers><ordernumber><![CDATA[NEW-29]]></ordernumber><ordernumber><![CDATA[1033]]></ordernumber><ordernumber><![CDATA[135]]></ordernumber></ordernumbers></allOrdernumbers><visibilities/><allProperties><properties><property><key><![CDATA[base_unit]]></key><value><![CDATA[Stück]]></value></property><property><key><![CDATA[package_size]]></key><value><![CDATA[1]]></value></property><property><key><![CDATA[variation_id]]></key><value><![CDATA[1033]]></value></property><property><key><![CDATA[price_id]]></key><value><![CDATA[1]]></value></property></properties></allProperties><allAttributes><attributes><attribute><key><![CDATA[cat]]></key><values><value><![CDATA[Raum_Sofas]]></value></values></attribute><attribute><key><![CDATA[cat_url]]></key><values><value><![CDATA[/raum/sofas/]]></value></values></attribute><attribute><key><![CDATA[cat_id]]></key><values><value><![CDATA[1]]></value></values></attribute><attribute><key><![CDATA[Merkmalsgruppe (Name)]]></key><values><value><![CDATA[Merkmal mit Gruppe (Webshop)]]></value></values></attribute><attribute><key><![CDATA[vendor]]></key><values><value><![CDATA[My HUNDE design]]></value></values></attribute><attribute><key><![CDATA[free7]]></key><values><value><![CDATA[0]]></value></values></attribute><attribute><key><![CDATA[free8]]></key><values><value><![CDATA[0]]></value></values></attribute><attribute><key><![CDATA[free9]]></key><values><value><![CDATA[0]]></value></values></attribute><attribute><key><![CDATA[free10]]></key><values><value><![CDATA[0]]></value></values></attribute><attribute><key><![CDATA[free11]]></key><values><value><![CDATA[0]]></value></values></attribute><attribute><key><![CDATA[free12]]></key><values><value><![CDATA[0]]></value></values></attribute><attribute><key><![CDATA[free13]]></key><values><value><![CDATA[0]]></value></values></attribute><attribute><key><![CDATA[free14]]></key><values><value><![CDATA[0]]></value></values></attribute><attribute><key><![CDATA[free15]]></key><values><value><![CDATA[0]]></value></values></attribute><attribute><key><![CDATA[free16]]></key><values><value><![CDATA[0]]></value></values></attribute><attribute><key><![CDATA[free17]]></key><values><value><![CDATA[0]]></value></values></attribute><attribute><key><![CDATA[free18]]></key><values><value><![CDATA[0]]></value></values></attribute><attribute><key><![CDATA[free19]]></key><values><value><![CDATA[0]]></value></values></attribute><attribute><key><![CDATA[free20]]></key><values><value><![CDATA[0]]></value></values></attribute></attributes></allAttributes><allImages><images><image><![CDATA[https://cdn02.plentymarkets.com/1vtro1y3gmyy/item/images/135/middle/135-Zweisitzer-Red-Carpet.jpg]]></image></images></allImages><groups><group><![CDATA[0_]]></group></groups><variants/></item><item id="123126"><names><name><![CDATA[Product with required configurations]]></name></names><summaries/><descriptions/><prices><price><![CDATA[50]]></price></prices><overriddenPrices><overriddenPrice><![CDATA[60]]></overriddenPrice></overriddenPrices><urls><url><![CDATA[https://plenty.findologic.io/raum/product-with-required-configurations/a-123126]]></url></urls><bonuses/><salesFrequencies><salesFrequency><![CDATA[0]]></salesFrequency></salesFrequencies><dateAddeds><dateAdded><![CDATA[2023-01-19T00:00:00+01:00]]></dateAdded></dateAddeds><sorts/><allKeywords/><allOrdernumbers><ordernumbers><ordernumber><![CDATA[NEW-76]]></ordernumber><ordernumber><![CDATA[1104]]></ordernumber><ordernumber><![CDATA[123126]]></ordernumber><ordernumber><![CDATA[NEW-78]]></ordernumber><ordernumber><![CDATA[1105]]></ordernumber></ordernumbers></allOrdernumbers><visibilities/><allProperties><properties><property><key><![CDATA[base_unit]]></key><value><![CDATA[Stück]]></value></property><property><key><![CDATA[package_size]]></key><value><![CDATA[1]]></value></property><property><key><![CDATA[variation_id]]></key><value><![CDATA[1104]]></value></property><property><key><![CDATA[price_id]]></key><value><![CDATA[1]]></value></property></properties></allProperties><allAttributes><attributes><attribute><key><![CDATA[cat]]></key><values><value><![CDATA[Raum]]></value></values></attribute><attribute><key><![CDATA[cat_url]]></key><values><value><![CDATA[/raum/]]></value></values></attribute><attribute><key><![CDATA[Farbe]]></key><values><value><![CDATA[lila]]></value></values></attribute><attribute><key><![CDATA[free7]]></key><values><value><![CDATA[0]]></value></values></attribute><attribute><key><![CDATA[free8]]></key><values><value><![CDATA[0]]></value></values></attribute><attribute><key><![CDATA[free9]]></key><values><value><![CDATA[0]]></value></values></attribute><attribute><key><![CDATA[free10]]></key><values><value><![CDATA[0]]></value></values></attribute><attribute><key><![CDATA[free11]]></key><values><value><![CDATA[0]]></value></values></attribute><attribute><key><![CDATA[free12]]></key><values><value><![CDATA[0]]></value></values></attribute><attribute><key><![CDATA[free13]]></key><values><value><![CDATA[0]]></value></values></attribute><attribute><key><![CDATA[free14]]></key><values><value><![CDATA[0]]></value></values></attribute><attribute><key><![CDATA[free15]]></key><values><value><![CDATA[0]]></value></values></attribute><attribute><key><![CDATA[free16]]></key><values><value><![CDATA[0]]></value></values></attribute><attribute><key><![CDATA[free17]]></key><values><value><![CDATA[0]]></value></values></attribute><attribute><key><![CDATA[free18]]></key><values><value><![CDATA[0]]></value></values></attribute><attribute><key><![CDATA[free19]]></key><values><value><![CDATA[0]]></value></values></attribute><attribute><key><![CDATA[free20]]></key><values><value><![CDATA[0]]></value></values></attribute></attributes></allAttributes><allImages/><groups><group><![CDATA[0_]]></group><group><![CDATA[0_]]></group></groups><variants/></item></items></findologic>
